uin,url,path,sha256,bytes,downloaded_at,status,error
ADIHLIP21574V032021,https://irdai.gov.in/documents/37343/931203/ADIHLIP21574V032021_2020-2021.pdf/0b0783bb-0000-9a96-54b3-729f4cc5974d?version=1.1&t=1668578608012&download=true,data\policies\aditya-birla-health-insurance-company-limited\adihlip21574v032021\activ-health_de2ebfa0cc0f.pdf,de2ebfa0cc0fd02b3edae1e4fc623c91154ffd632f3e2cfea2fc8e29de626cd2,2988421,2026-08-21T06:37:20.946081+00:00,success,
BAJHLIP23020V012223,https://irdai.gov.in/documents/37343/931203/BAJHLIP23020V012223.pdf/fc18c97a-baf7-336e-bd80-e637b32dcb7d?version=1.0&t=1667711515563&download=true,data\policies\bajaj-allianz-general-insurance-company-limited\bajhlip23020v012223\global-health-care_146d125f92a0.pdf,146d125f92a09d3a88d8d05f19b564c826ee3b2dcbd0f13162b4c3b808623ddf,1399614,2026-08-21T06:37:31.764938+00:00,success,
CHIHLIP22223V012122,https://irdai.gov.in/documents/37343/931203/CHIHLIP22223V012122.pdf/dd8d4003-cce1-3f32-6c76-17cf1642087b?version=1.1&t=1668853983684&download=true,data\policies\care-health-insurance-limited\chihlip22223v012122\senior-health-advantage_aefbabe2a068.pdf,aefbabe2a068a1852a38a5ea68ea94b0e479dfd8eed0f44b18dfa020500bce3a,783691,2026-08-21T06:37:34.270542+00:00,success,
HDFHLIP23024V072223,https://irdai.gov.in/documents/37343/931203/HDFHLIP23024V072223.pdf/4bb864b2-c358-cde0-9230-9ae57c2097cd?version=1.0&t=1667711499204&download=true,data\policies\hdfc-ergo-general-insurance-company-limited\hdfhlip23024v072223\easy-health_a65d46ab5cc6.pdf,a65d46ab5cc6e14ab6ac61ea1246eebaf0a9b07f96ebbc792bdb0de6b95bf94a,1329008,2026-08-21T06:37:36.251687+00:00,success,
ICIHLIP22012V012223,https://irdai.gov.in/documents/37343/931203/ICIHLIP22012V012223.pdf/d258f1bb-a90d-5f13-c8bb-c0317ffae28b?version=1.0&t=1669349189166&download=true,data\policies\icici-lombard-general-insurance-company-limited\icihlip22012v012223\golden-shield_3e7430a5c12e.pdf,3e7430a5c12e9493b29ee435569e486ac3b4bf25e6186b3729581b2dd1b41d6a,392151,2026-08-21T06:37:37.522830+00:00,success,
MCIHLIP22224V012122,https://irdai.gov.in/documents/37343/931203/MCIHLIP22224V012122.pdf/6cf0a1af-1bc8-0c09-531a-671e15963135?version=1.1&t=1668851840343&download=true,data\policies\manipalcigna-health-insurance-company-limited\mcihlip22224v012122\manipalcigna-prohealth-prime_f7f42d0e0f3d.pdf,f7f42d0e0f3dcd46e1dda4028899edf221b43c747d0bbfc652c6ffb5eae62e1b,1536885,2026-08-21T06:37:39.072698+00:00,success,
NBHHLIP23007V052223,https://irdai.gov.in/documents/37343/931203/NBHHLIP23007V052223.pdf/106c00c6-3b29-7c1c-afea-770854505528?version=1.0&t=1669350170763&download=true,data\policies\niva-bupa-health-insurance-company-limited\nbhhlip23007v052223\health-companion_ae7f80f72ae3.pdf,ae7f80f72ae335913f34a3599f58c313cfd0174f39c922d68176cebe2b3a29da,1071348,2026-08-21T06:37:40.537145+00:00,success,
SBIHLIP23050V012223,https://irdai.gov.in/documents/37343/931203/SBIHLIP23050V012223.pdf/de34fc22-e5b0-d313-41b1-9bcd4243d600?version=1.0&t=1669351245742&download=true,data\policies\sbi-general-insurance-company-limited\sbihlip23050v012223\super-health-insurance_d540a2c2ee3f.pdf,d540a2c2ee3f5ab3ed78155c16686888a2d88e480a8642176354099a44d7ba18,927583,2026-08-21T06:37:42.274660+00:00,success,
SHAHLIP23037V072223,https://irdai.gov.in/documents/37343/931203/SHAHLIP23037V072223.pdf/2e8aa427-69f1-d423-d81b-ef9c7a8194bd?version=1.0&t=1669353086126&download=true,data\policies\star-health-and-allied-insurance-company-limited\shahlip23037v072223\medi-classic-insurance-policy-individual_07f9c059fbf1.pdf,07f9c059fbf122711cec35896158456f5f29cf273dc51b6bddf47af3bb9ce234,1056627,2026-08-21T06:37:43.683565+00:00,success,
TATHLIP22176V012122,https://irdai.gov.in/documents/37343/931203/Tata+AIG+Criti-+Medicare.pdf/58dddaeb-573c-074d-5891-3c809f2556e6?version=1.1&t=1668754767821&download=true,data\policies\tata-aig-general-insurance-company-limited\tathlip22176v012122\tata-aig-criti-medicare_ab4033372b97.pdf,ab4033372b971e451b2313a97252201c2a13bde7c88ea4d59aa481baeade5da4,2278405,2026-08-21T06:37:45.481994+00:00,success,
ADIHLIP21250V032021,https://irdai.gov.in/documents/37343/931203/ADIHLIP21250V032021_2020-2021.pdf/6224f254-de8b-5828-7e9b-bee7d9495c40?version=1.1&t=1668581031785&download=true,data\policies\aditya-birla-health-insurance-company-limited\adihlip21250v032021\activ-assure_251380ef72c4.pdf,251380ef72c439e8781829f2c6d2e23cc032998f960c4f8f31837af63bee1517,2285729,2026-08-21T06:37:47.254778+00:00,success,
BAJHLIP22024V032122,https://irdai.gov.in/documents/37343/931203/BAJHLIP22024V032122_HEALTH2003.pdf/3a731570-ef1e-4e72-c816-9cc50a42b658?version=1.1&t=1668843530403&download=true,data\policies\bajaj-allianz-general-insurance-company-limited\bajhlip22024v032122\family-care_5f2b8b3377dc.pdf,5f2b8b3377dce2097741152b2cfed4934e8c6a35a19edd2b51c13b64d4f0646d,1164697,2026-08-21T06:37:49.047388+00:00,success,
CHIHLIP22184V062122,https://irdai.gov.in/documents/37343/931203/CHIHLIP22184V062122_1.pdf/ca67b15b-236b-a41d-bf95-5c8671592fb0?version=1.0&t=1669358244048&download=true,data\policies\care-health-insurance-limited\chihlip22184v062122\care_304054cbc792.pdf,304054cbc792b447720b9639694f3bb35e0dd169b8444b50f02a0a74e661273c,828876,2026-08-21T06:37:50.688240+00:00,success,
HDFHLIP22193V072122,https://irdai.gov.in/documents/37343/931203/Optima+Restore.pdf/65c079a4-f778-55c7-8056-0726c695130a?version=1.1&t=1668753919263&download=true,data\policies\hdfc-ergo-general-insurance-company-limited\hdfhlip22193v072122\optima-restore_22fbe97a8a1e.pdf,22fbe97a8a1e729b3f0514fddbe7b19f6890f5554be3d47b542736b0c5157253,1331803,2026-08-21T06:37:52.176655+00:00,success,
ICIHLIP22206V022122,https://irdai.gov.in/documents/37343/931203/ICIHLIP22206V022122.pdf/279a2804-73dc-b129-daea-cdece2013079?version=1.1&t=1668851331232&download=true,data\policies\icici-lombard-general-insurance-company-limited\icihlip22206v022122\health-advantedge_ad568d14c4ac.pdf,ad568d14c4ac13628a2af5a56f00a6ff3276d17f4a82c7b01bb0855ef2de23b7,2059750,2026-08-21T06:37:54.025405+00:00,success,
MCIHLIP22211V062122,https://irdai.gov.in/documents/37343/931203/MCIHLIP22211V062122.pdf/b3a179da-4a2e-b4f2-27db-11779ec9a3cf?version=1.1&t=1668851771621&download=true,data\policies\manipalcigna-health-insurance-company-limited\mcihlip22211v062122\manipalcigna-prohealth-insurance_e19d944236cf.pdf,e19d944236cf288b03e96d38eedf8e72f44df4857fa767ef12e1c7290dcaebcf,1154564,2026-08-21T06:37:55.645827+00:00,success,
NBHHLIP22155V032122,https://irdai.gov.in/documents/37343/931203/NBHHLIP22155V032122_HEALTH2136.pdf/bbc8c177-4cef-4002-123e-6d72fefccb33?version=1.1&t=1668766849277&download=true,data\policies\niva-bupa-health-insurance-company-limited\nbhhlip22155v032122\health-pulse_63102c9c9b47.pdf,63102c9c9b47a56c124f4656a36cab9808afe994813c25558dc3146b1bbdd55f,1487687,2026-08-21T06:37:57.224138+00:00,success,
SBIHLIP22158V012122,https://irdai.gov.in/documents/37343/931203/SBIHLIP22158V012122_HEALTH2145.pdf/3c694d49-6698-db27-a41e-6baaea92345a?version=1.1&t=1668767356765&download=true,data\policies\sbi-general-insurance-company-limited\sbihlip22158v012122\arogya-shield_2615d7d0a987.pdf,2615d7d0a987d21677c59bd4629ce4283c6d12b95b20c4293cebc5adba2bb2a5,1145403,2026-08-21T06:37:58.665553+00:00,success,
SHAHLIP23017V012223,https://irdai.gov.in/documents/37343/931203/SHAHLIP23017V012223.pdf/f5426aca-4328-7a97-f93a-aba9e739e2bb?version=1.0&t=1669352686338&download=true,data\policies\star-health-and-allied-insurance-company-limited\shahlip23017v012223\star-health-assure-insurance-policy_87e2614374c9.pdf,87e2614374c92fb15918b6a096441ff1aba0f5dd02ec4b98edbbdae5fb157bf9,3242955,2026-08-21T06:38:00.442800+00:00,success,
TATHLIP21095V012021,https://irdai.gov.in/documents/37343/931203/TATHLIP21095V012021_2020-2021.pdf/44194f6f-b63e-783e-6fa4-6f0c503aa9b3?version=1.1&t=1668152378226&download=true,data\policies\tata-aig-general-insurance-company-limited\tathlip21095v012021\corona-kavach-policy-tata-aig-general-insurance-company-limited_c7358441450c.pdf,c7358441450cedf93542538930176da5b29ce710e6eaaa3418af25481a5f4174,853808,2026-08-21T06:38:01.849506+00:00,success,
ADIHLIP21080V012021,https://irdai.gov.in/documents/37343/931203/ADIHLIP21080V012021_2020-2021.pdf/ac6c7fde-ad37-6ac5-1734-e3818f0d3632?version=1.1&t=1668155000658&download=true,data\policies\aditya-birla-health-insurance-company-limited\adihlip21080v012021\corona-kavach-policy-aditya-birla-health-insurance-company-limited_a35c07bfac83.pdf,a35c07bfac830a2bb1d57fb4402c78f87772516a9d90abe06ae96d348397b760,1555899,2026-08-21T06:38:03.390951+00:00,success,
BAJHLIP22019V022122,https://irdai.gov.in/documents/37343/931203/BAJHLIP22019V022122_HEALTH2002.pdf/14747491-6bac-bc1b-8612-1f340e4b8760?version=1.1&t=1668843444730&download=true,data\policies\bajaj-allianz-general-insurance-company-limited\bajhlip22019v022122\m-care_22b8f270cb11.pdf,22b8f270cb11141cf671329df20fdacfcc5f5002ea16f79634114f5ebf1904cd,750871,2026-08-21T06:38:04.604877+00:00,success,
CHIHLIP22071V012122,https://irdai.gov.in/documents/37343/931203/Care+Classic.pdf/7be83790-6e88-553b-b72b-a21de4930483?version=1.2&t=1668753400254&download=true,data\policies\care-health-insurance-limited\chihlip22071v012122\care-classic_9f8bb0fd5c6b.pdf,9f8bb0fd5c6bc58ff6b2774cd0517479452e544778ac1c8da96f7a49b00976d5,388428,2026-08-21T06:38:05.823835+00:00,success,
HDFHLIP22145V032122,https://irdai.gov.in/documents/37343/931203/HDFHLIP22145V032122_HEALTH2099.pdf/7c1a2a96-26d2-f8f9-10ac-d177a9eafe6c?version=1.1&t=1668842706579&download=true,data\policies\hdfc-ergo-general-insurance-company-limited\hdfhlip22145v032122\my-health-critical-suraksha-plus_28c9bdb7f86c.pdf,28c9bdb7f86cb2a9d5c5d2a3f9d8bfeeb68127879236d2819f342c23ef00f784,1756662,2026-08-21T06:38:07.453655+00:00,success,
ICIHLIP22131V012122,https://irdai.gov.in/documents/37343/931203/ICIHLIP22131V012122_HEALTH2108.pdf/77aad9fd-413b-ed25-dc17-9890b0528c72?version=1.1&t=1668755447141&download=true,data\policies\icici-lombard-general-insurance-company-limited\icihlip22131v012122\criti-shield-plus_674471ab1168.pdf,674471ab1168be7ff7b63f9e99a162f66e5518dc5495ceef48c567d6fcbfc6bb,1411032,2026-08-21T06:38:09.035354+00:00,success,
MCIHLIP23022V032223,https://irdai.gov.in/documents/37343/931203/MCIHLIP23022V032223.pdf/95221470-886d-ff52-2a78-b1031aaddee7?version=1.0&t=1669349551633&download=true,data\policies\manipalcigna-health-insurance-company-limited\mcihlip23022v032223\manipalcigna-super-top-up_e1d0b8408f5a.pdf,e1d0b8408f5a30cd8a1c1d80cfa25202e42b1b1944bce9b7f0779692a4df881f,980413,2026-08-21T06:38:10.421293+00:00,success,
NBHHLIP22156V032122,https://irdai.gov.in/documents/37343/931203/NBHHLIP22156V032122_HEALTH2137.pdf/905480e4-4dcd-831b-39b4-1edfeb74196f?version=1.1&t=1668766906943&download=true,data\policies\niva-bupa-health-insurance-company-limited\nbhhlip22156v032122\health-recharge_8e692c4c84b8.pdf,8e692c4c84b8eb44c403268ff99d85035daf5b92571e852d22d2e4e5bfee39f9,1166912,2026-08-21T06:38:11.892746+00:00,success,
SBIHLIP22135V032122,https://irdai.gov.in/documents/37343/931203/SBIHLIP22135V032122_HEALTH2141.pdf/e7f4df16-6ee8-8582-134d-af29a8763e91?version=1.1&t=1668767168288&download=true,data\policies\sbi-general-insurance-company-limited\sbihlip22135v032122\arogya-plus-policy_40b2a340ecba.pdf,40b2a340ecbab242d4ae7189eadb1ced59c3612aa012b2cfac303281b6881a87,710386,2026-08-21T06:38:13.230632+00:00,success,
SHAHLIP22231V012122,https://irdai.gov.in/documents/37343/931203/SHAHLIP22231V012122.pdf/6426137b-e339-610f-8bf2-c468a583f18f?version=1.1&t=1668853759058&download=true,data\policies\star-health-and-allied-insurance-company-limited\shahlip22231v012122\star-health-and-allied-insurance-co-ltd_023c48088499.pdf,023c48088499b72c983dacfd9aaa775159eefd09be8e68d48b9c2b21b075f8e0,618619,2026-08-21T06:38:15.124564+00:00,success,
TATHLIP21292V022021,https://irdai.gov.in/documents/37343/931203/TATHLIP21292V022021_2020-2021.pdf/1c14d81a-8d9f-ca79-5f9b-b6a0ae5e418b?version=1.1&t=1668592970984&download=true,data\policies\tata-aig-general-insurance-company-limited\tathlip21292v022021\critical-illness_b3d330ea10d9.pdf,b3d330ea10d95d8d34212ada8e37cdb3c01f31209296c78bf5b98a65c577b905,151343,2026-08-21T06:38:17.413791+00:00,success,
ADIHLIP21136V012021,https://irdai.gov.in/documents/37343/931203/ADIHLIP21136V012021_2020-2021.pdf/6428251c-e085-251a-f696-762e6fe9eaf5?version=1.1&t=1668580994378&download=true,data\policies\aditya-birla-health-insurance-company-limited\adihlip21136v012021\corona-rakshak-policy-aditya-birla-health-insurance-co-limited_b769e442780c.pdf,b769e442780c0fd5408eada75a8f14bc2917feac66d579a2ae95b3df610c26ba,213232,2026-08-21T06:38:18.868394+00:00,success,
BAJHLIP22192V032122,https://irdai.gov.in/documents/37343/931203/Silver+Health.pdf/8a2f35ac-0a8e-6e8e-d284-a44ea3c60caa?version=1.1&t=1668753337593&download=true,data\policies\bajaj-allianz-general-insurance-company-limited\bajhlip22192v032122\silver-health_ce1f8dce257c.pdf,ce1f8dce257c6ef5c23b2406648f219fd359d2187e5c4a6c6a02baa95b43b472,1872998,2026-08-21T06:38:21.200860+00:00,success,
CHIHLIP22047V012122,https://irdai.gov.in/documents/37343/931203/CHIHLIP22047V012122_HEALTH2082.pdf/68d457ef-a927-0d1a-df73-4d9f0999822f?version=1.1&t=1668769091888&download=true,data\policies\care-health-insurance-limited\chihlip22047v012122\care-plus_e383d25e1678.pdf,e383d25e1678f25d38e3b1fc7ae594fdb0c9a647d41175ef598363b3b6a30c95,5336965,2026-08-21T06:38:24.384747+00:00,success,
HDFHLIP22142V032122,https://irdai.gov.in/documents/37343/931203/HDFHLIP22142V032122_2021-2022.pdf/20a01e71-8f95-3043-b944-2ddec6ef6337?version=1.2&t=1668767607138&download=true,data\policies\hdfc-ergo-general-insurance-company-limited\hdfhlip22142v032122\my-health-women-suraksha_a455e1b9f881.pdf,a455e1b9f881e531fcea9966a76382dfdb60eb22effa0c1c05d718ec2df3fd2a,1378179,2026-08-21T06:38:25.939533+00:00,success,
ICIHLIP22100V032122,https://irdai.gov.in/documents/37343/931203/ICIHLIP22100V032122_HEALTH2107.pdf/cabf902d-a743-cc58-f6ce-643fde937bda?version=1.1&t=1668843260784&download=true,data\policies\icici-lombard-general-insurance-company-limited\icihlip22100v032122\health-booster_954b76f9827d.pdf,954b76f9827d14f7d4478c099c75bddfc3f34a73c0cd20512dd97d8c1ca5577b,693988,2026-08-21T06:38:27.185801+00:00,success,
MCIHLIP21070V012021,https://irdai.gov.in/documents/37343/931203/MCIHLIP21070V012021_2020-2021.pdf/7a8a44a8-821a-c3e1-f95f-744b4d7f10dc?version=1.1&t=1668153171854&download=true,data\policies\manipalcigna-health-insurance-company-limited\mcihlip21070v012021\corona-kavach-policy-manipal-cigna_6478c8177bda.pdf,6478c8177bda124f1734b983112b25f6a090da807191ee75619de0e628fc8bb5,514886,2026-08-21T06:38:28.368970+00:00,success,
NBHHLIP22151V012122,https://irdai.gov.in/documents/37343/931203/NBHHLIP22151V012122_HEALTH2134.pdf/ddc465e4-2012-c8bf-c582-7463e0c75c74?version=1.1&t=1668766621195&download=true,data\policies\niva-bupa-health-insurance-company-limited\nbhhlip22151v012122\arogya-sanjeevani-niva-bupa-health-insurance-co-ltd_b3e448a2c974.pdf,b3e448a2c974e6be95129d3f0c41a0812a18571d464b00b3301ad15bc5432ac7,1071760,2026-08-21T06:38:29.644502+00:00,success,
SBIHLIP22136V032122,https://irdai.gov.in/documents/37343/931203/SBIHLIP22136V032122_HEALTH2142.pdf/456087c3-98b3-6e74-2d8e-e94de9f14203?version=1.1&t=1668767203332&download=true,data\policies\sbi-general-insurance-company-limited\sbihlip22136v032122\arogya-premier-policy_f6fbbd117031.pdf,f6fbbd117031cf2b1f61b01abd0b2db2ac43b3004bf8f77ec6411f83e97ef19f,649411,2026-08-21T06:38:30.936570+00:00,success,
SHAHLIP22226V012122,https://irdai.gov.in/documents/37343/931203/SHAHLIP22226V012122.pdf/c6613fb9-5c51-db3b-f328-e310e35794ec?version=1.1&t=1668853701979&download=true,data\policies\star-health-and-allied-insurance-company-limited\shahlip22226v012122\star-health-premier-insurance-policy_6d548526fdf1.pdf,6d548526fdf15207f5c64b22c858c9ffc39d391edd4f258f164269b5a68878e2,1240411,2026-08-21T06:38:32.363265+00:00,success,
TATHLIP21293V022021,https://irdai.gov.in/documents/37343/931203/TATHLIP21293V022021_2020-2021.pdf/9c7bc6cf-a981-c9e8-a73d-1062e64e8cb3?version=1.1&t=1668593057247&download=true,data\policies\tata-aig-general-insurance-company-limited\tathlip21293v022021\home-guard-plus-policy_21696e847409.pdf,21696e84740928f19c269aeabfca4aa4f497c8ae3a17f8ec00c127e678ca922f,404307,2026-08-21T06:38:33.501798+00:00,success,
ADIHLIP21062V022021,https://irdai.gov.in/documents/37343/931203/ADIHLIP21062V022021_2020-2021.pdf/13145754-8a7a-1087-cc3e-2d179c9f72e8?version=1.1&t=1668579560455&download=true,data\policies\aditya-birla-health-insurance-company-limited\adihlip21062v022021\activ-care_14ca97e548a2.pdf,14ca97e548a2b622b2a0b2e2e4e3a5726a1a3272da9341c8a832e8eff477ae4d,1606797,2026-08-21T06:38:35.131471+00:00,success,
BAJHLIP21146V022021,https://irdai.gov.in/documents/37343/931203/BAJHLIP21146V022021_2020-2021.pdf/d2b214ec-6122-2518-0906-f3285f1506bb?version=1.1&t=1668581706141&download=true,data\policies\bajaj-allianz-general-insurance-company-limited\bajhlip21146v022021\extra-care_865b7327ee09.pdf,865b7327ee091654213e98f849c53945ec0d371427566d8cf66a369115d8519e,168630,2026-08-21T06:38:36.201591+00:00,success,
RHIHLIP21519V022021,https://irdai.gov.in/documents/37343/931203/RHIHLIP21519V022021_2020-2021.pdf/312ebe2a-6229-6754-48bf-bf7aea1c8931?version=1.1&t=1668583902334&download=true,data\policies\care-health-insurance-limited\rhihlip21519v022021\care-freedom_db41ea3f9361.pdf,db41ea3f93610e373f0ff662e3035146c5c8f325f758c5051ae919415e4213b6,1683336,2026-08-21T06:38:37.773566+00:00,success,
HDFHLIP21005V022122,https://irdai.gov.in/documents/37343/931203/HDFHLIP21005V022122_HEALTH2014.pdf/04196f2d-ac06-398a-d74d-f4b32098b86b?version=1.1&t=1668845105146&download=true,data\policies\hdfc-ergo-general-insurance-company-limited\hdfhlip21005v022122\my-sampoorna-suraksha_74a145929235.pdf,74a14592923547ae2f090d6e93441fdf6fcbebe6b5b31e5ea98165940e79647a,2621386,2026-08-21T06:38:39.810388+00:00,success,
ICIHLIP22092V032122,https://irdai.gov.in/documents/37343/931203/ICIHLIP22092V032122_HEALTH2105.pdf/a9f5172f-839f-84e7-dfa4-df80a27c0c0c?version=1.1&t=1668843142555&download=true,data\policies\icici-lombard-general-insurance-company-limited\icihlip22092v032122\family-shield_26a06e80f2a3.pdf,26a06e80f2a38dc23e4cdb61ad08164d3be374837517f5019fc59fc2fcf836f7,1244309,2026-08-21T06:38:41.369020+00:00,success,
MCIHLIP21512V032021,https://irdai.gov.in/documents/37343/931203/MCIHLIP21512V032021_2020-2021.pdf/e2c54f30-66dd-0920-5357-d6f0eba9663d?version=1.1&t=1668594083988&download=true,data\policies\manipalcigna-health-insurance-company-limited\mcihlip21512v032021\manipalcigna-prohealth-cash_746ab343bd66.pdf,746ab343bd664c0c0e980a41efba0574a0fbfa60b6b7d1e7aff2d7a2d49592bd,1158273,2026-08-21T06:38:42.846088+00:00,success,
NBHHLIP22152V012122,https://irdai.gov.in/documents/37343/931203/NBHHLIP22152V012122_HEALTH2135.pdf/3ba2ec6e-e679-02cb-c1c1-07a1f121c163?version=1.1&t=1668766723171&download=true,data\policies\niva-bupa-health-insurance-company-limited\nbhhlip22152v012122\corona-kavach-policy-niva-bupa-health-insurance-co-ltd_3e7cb4127f9b.pdf,3e7cb4127f9ba3208cc118131e66375ce00f92841860c91d5d9345787bc7a02f,968955,2026-08-21T06:38:44.238593+00:00,success,
SBIHLIP22137V032122,https://irdai.gov.in/documents/37343/931203/SBIHLIP22137V032122_HEALTH2143.pdf/6370813a-97cf-75e4-63c5-ac10e2eafdbc?version=1.1&t=1668767288844&download=true,data\policies\sbi-general-insurance-company-limited\sbihlip22137v032122\arogya-top-up-policy_95e984b681e7.pdf,95e984b681e7a60824b7fcf942fdd1069a5829f1cf717fe6b17938ab77f6ba11,609736,2026-08-21T06:38:45.764546+00:00,success,
SHAHLIP22217V012122,https://irdai.gov.in/documents/37343/931203/SHAHLIP22217V012122.pdf/7afda123-c55e-7519-79fe-2eba9780c301?version=1.1&t=1668853646284&download=true,data\policies\star-health-and-allied-insurance-company-limited\shahlip22217v012122\star-women-care-insurance-policy_8d547af52b6e.pdf,8d547af52b6eacdfeaeecdc17d7e01affe699ee4a344f9c98a981351cf8218ed,2878688,2026-08-21T06:38:47.462615+00:00,success,
TATHLIP21286V022021,https://irdai.gov.in/documents/37343/931203/TATHLIP21286V022021_2020-2021.pdf/fa9ec31f-67e5-fc98-f360-aec1ef032eea?version=1.1&t=1668592935143&download=true,data\policies\tata-aig-general-insurance-company-limited\tathlip21286v022021\individual-accident-and-sickness-hospital-cash-policy_4a16d13544c0.pdf,4a16d13544c070ac09b57f2960e3c6519efdac8c2d2e65c2ae06906f2b6c0b97,284266,2026-08-21T06:38:48.685964+00:00,success,
ADIHLIP21061V022021,https://irdai.gov.in/documents/37343/931203/ADIHLIP21061V022021_2020-2021.pdf/57e9f6ec-48f1-ad4a-e98e-4b6e947de35b?version=1.1&t=1668579497273&download=true,data\policies\aditya-birla-health-insurance-company-limited\adihlip21061v022021\super-health-plus-top-up_50d8015b821f.pdf,50d8015b821fee9ec3a59b9f1d7118cb1491671a64be2aa3ad5fdca1b89759ad,2759288,2026-08-21T06:38:50.830092+00:00,success,
BAJHLIP21143V022021,https://irdai.gov.in/documents/37343/931203/BAJHLIP21143V022021_2020-2021.pdf/36406f08-f807-4ccf-1efd-fe200b099f02?version=1.1&t=1668581669575&download=true,data\policies\bajaj-allianz-general-insurance-company-limited\bajhlip21143v022021\health-care-supreme_f1ff05b3b9d6.pdf,f1ff05b3b9d679eac867e97618819655d35dea80d5606799f8c7648c49bfb9db,444304,2026-08-21T06:38:52.093999+00:00,success,
RHIHLIP21375V022021,https://irdai.gov.in/documents/37343/931203/RHIHLIP21375V022021_2020-2021.pdf/130715a5-5f39-a612-5134-df6dbcf20135?version=1.1&t=1668583820104&download=true,data\policies\care-health-insurance-limited\rhihlip21375v022021\assure_fcdf133f7721.pdf,fcdf133f77214e7990ad9eca58d74381fd9a0a104c227b908517a277061e278e,182220,2026-08-21T06:38:53.433511+00:00,success,
HDFHLIP22021V042122,https://irdai.gov.in/documents/37343/931203/HDFHLIP22021V042122_HEALTH2016.pdf/cf850b83-268e-cffe-962c-9fdcedbd7d59?version=1.1&t=1668845231281&download=true,data\policies\hdfc-ergo-general-insurance-company-limited\hdfhlip22021v042122\my-health-medisure-super-topup_b5d74f472dec.pdf,b5d74f472dece4e0787ad8e5726534a31698583cb5ce45260019bba06f6f768c,851845,2026-08-21T06:38:54.800448+00:00,success,
ICIHLIP22096V062122,https://irdai.gov.in/documents/37343/931203/ICIHLIP22096V062122_HEALTH2106.pdf/6c9576c3-390b-6248-02c8-9948deaadafa?version=1.1&t=1668843201917&download=true,data\policies\icici-lombard-general-insurance-company-limited\icihlip22096v062122\icici-lombard-complete-health-insurance_61dd2d624b9d.pdf,61dd2d624b9d480bba30947ea88de6f2d7c3176c813b7b5f6b28735a3ff50964,1252707,2026-08-21T06:38:56.216646+00:00,success,
MCIHLIP21125V022021,https://irdai.gov.in/documents/37343/931203/MCIHLIP21125V022021_2020-2021.pdf/8fbf7ad6-a22a-4629-a883-7fff16cf4a6d?version=1.1&t=1668593820254&download=true,data\policies\manipalcigna-health-insurance-company-limited\mcihlip21125v022021\manipalcigna-lifestyle-protection-critical-care_d8efe2ac18fd.pdf,d8efe2ac18fd5408a17c467c7507847d2ededf44823f9de0478bb6a061a372fb,923079,2026-08-21T06:38:57.555482+00:00,success,
MAXHLIP21575V012021,https://irdai.gov.in/documents/37343/931203/MAXHLIP21575V012021_2020-2021.pdf/af129288-9d01-c04b-8c1f-85806a50aeab?version=1.1&t=1668594368083&download=true,data\policies\niva-bupa-health-insurance-company-limited\maxhlip21575v012021\senior-first_695cefea99f9.pdf,695cefea99f991fc4380e317f8112f7b53369a5d044ba8c37f64cf097186ee07,1439565,2026-08-21T06:38:59.058875+00:00,success,
SBIHLIP22138V042122,https://irdai.gov.in/documents/37343/931203/SBIHLIP22138V042122_HEALTH2144.pdf/93390802-d6e4-8a5b-df26-8e5c71b3332c?version=1.1&t=1668767321266&download=true,data\policies\sbi-general-insurance-company-limited\sbihlip22138v042122\health-insurance-policy-retail_316db7867b68.pdf,316db7867b689d175543a14b1332785802a3dbb7b39df3c7b6e4463c8e9f2a52,663451,2026-08-21T06:39:00.449843+00:00,success,
SHAHLIP22199V062122,https://irdai.gov.in/documents/37343/931203/SHAHLIP22199V062122.pdf/e5830765-7541-0484-9119-330738250254?version=1.1&t=1668853579702&download=true,data\policies\star-health-and-allied-insurance-company-limited\shahlip22199v062122\senior-citizens-red-carpet-health-insurance-policy_fac4bfcd1160.pdf,fac4bfcd1160ff245a1f1db9833c8f45b70259aca1f6f8dc825ddd75089a4680,1064576,2026-08-21T06:39:01.757573+00:00,success,
TATHLIP21259V022021,https://irdai.gov.in/documents/37343/931203/TATHLIP21259V022021_2020-2021.pdf/ab0f0917-3c4c-9d6c-0deb-5d76a047f79d?version=1.1&t=1668592846966&download=true,data\policies\tata-aig-general-insurance-company-limited\tathlip21259v022021\mediraksha_bf0e40b69570.pdf,bf0e40b695707d4e4bacf33bb063faa0f2f0a89ceb5de6dfb21ee15cd821d5f4,356027,2026-08-21T06:39:02.771478+00:00,success,
ADIHLIP21069V022021,https://irdai.gov.in/documents/37343/931203/ADIHLIP21069V022021_2020-2021.pdf/c495a7d9-cd74-dcce-dc85-2098289c360b?version=1.1&t=1668580955595&download=true,data\policies\aditya-birla-health-insurance-company-limited\adihlip21069v022021\global-health-secure_263cc5bf2a9a.pdf,263cc5bf2a9a1747695052d6d733bd569bd4f1288bbfb9735f8c8741084a49a4,1611487,2026-08-21T06:39:04.662333+00:00,success,
BAJHLIP21142V022021,https://irdai.gov.in/documents/37343/931203/BAJHLIP21142V022021_2020-2021.pdf/3a159160-a0c1-63d2-ae72-6c49600972b1?version=1.1&t=1668581622619&download=true,data\policies\bajaj-allianz-general-insurance-company-limited\bajhlip21142v022021\women-specific-critical-illness-plan_5c64f95465e7.pdf,5c64f95465e7958753248d3a26a6982af34c02019ec91c38fcf0ac5405262e8e,444207,2026-08-21T06:39:05.858956+00:00,success,
RHIHLIP21371V022021,https://irdai.gov.in/documents/37343/931203/RHIHLIP21371V022021_2020-2021.pdf/844e2185-d4cd-25ae-f2d4-37d72b46bb84?version=1.0&t=1638535876112&download=true,data\policies\care-health-insurance-limited\rhihlip21371v022021\care-heart_3b1249ec992e.pdf,3b1249ec992e463dd429f67837c8a8b6fac99185ba6021ff0025a2420e196128,1777704,2026-08-21T06:39:07.678003+00:00,success,
HDFHLIP21016V012122,https://irdai.gov.in/documents/37343/931203/HDFHLIP21016V012122_HEALTH2015.pdf/4fbd60f7-de9c-ab82-13ff-1d71b1458e4a?version=1.1&t=1668845173038&download=true,data\policies\hdfc-ergo-general-insurance-company-limited\hdfhlip21016v012122\my-optima-secure_053a9b3ad20b.pdf,053a9b3ad20b4e2a2476d0a28d02a85360edb10dbb93c7af71104bf9bcab5c97,999439,2026-08-21T06:39:09.206593+00:00,success,
ICIHLIP21627V012021,https://irdai.gov.in/documents/37343/931203/ICIHLIP21627V012021_2020-2021.pdf/84204ec2-cd2d-4018-d1bd-18a7627372cd?version=1.1&t=1668583708137&download=true,data\policies\icici-lombard-general-insurance-company-limited\icihlip21627v012021\icici-lombard-mashak-mosquito-rakshak_b6653a10b258.pdf,b6653a10b258cf46ee54fd9bc28f117782ac28460661ce86548c66a4b0225216,706840,2026-08-21T06:39:10.521157+00:00,success,
MCIHLIP21129V022021,https://irdai.gov.in/documents/37343/931203/MCIHLIP21129V022021_2020-2021.pdf/4901b47d-a509-ceed-d4dc-3c9081663656?version=1.1&t=1668593944509&download=true,data\policies\manipalcigna-health-insurance-company-limited\mcihlip21129v022021\manipalcigna-prohealth-select_21d1abcc5807.pdf,21d1abcc580720937ce4f870d359cfd6fc897aa6a07c885612fd2b0f52996bf7,2048779,2026-08-21T06:39:12.243381+00:00,success,
MAXHLIP21408V02202,https://irdai.gov.in/documents/37343/931203/MAXHLIP21408V02202_2020-2021.pdf/1fa52a81-37bd-ff34-7d1a-201fdbf741cc?version=1.1&t=1668595552880&download=true,data\policies\niva-bupa-health-insurance-company-limited\maxhlip21408v02202\max-health-plus_0a5f5c3ba725.pdf,0a5f5c3ba725b6d7d8555b979b16665f72a5a4fc608beae0721c43b1a036d349,2551741,2026-08-21T06:39:14.286216+00:00,success,
SBIHLIP21043V012122,https://irdai.gov.in/documents/37343/931203/SBIHLIP21043V012122_HEALTH2046.pdf/a7ae7064-d08b-718d-e2b0-ed00576693a9?version=1.1&t=1668768148722&download=true,data\policies\sbi-general-insurance-company-limited\sbihlip21043v012122\arogya-supreme_33a4ec3f9569.pdf,33a4ec3f95694cc10b4351bf2226193f1bfc874fc64e6c44b169b37e07cec220,1645425,2026-08-21T06:39:16.141492+00:00,success,
SHAHLIP22140V012122,https://irdai.gov.in/documents/37343/931203/SHAHLIP22140V012122_HEALTH2149.pdf/757161fa-a42f-5982-7b90-62a7289fb6db?version=1.1&t=1668767870969&download=true,data\policies\star-health-and-allied-insurance-company-limited\shahlip22140v012122\star-critical-illness-multipay-insurance-policy_50be31f3f5b3.pdf,50be31f3f5b3072b7d73af70d534b54dea95fe6718bce9ec5461ba0f885a2105,1066196,2026-08-21T06:39:17.522228+00:00,success,
TATHLIP21260V022021,https://irdai.gov.in/documents/37343/931203/TATHLIP21260V022021_2020-2021.pdf/6752451a-96a5-3458-dc46-58b5a13a596b?version=1.1&t=1668592893225&download=true,data\policies\tata-aig-general-insurance-company-limited\tathlip21260v022021\medisenior_c9892a8ee6d5.pdf,c9892a8ee6d5d7db3bf95d05e5dbc3ae3f0672fa14ae80493c8959ccf3331798,402128,2026-08-21T06:39:18.863398+00:00,success,
ADIHLIP20170V011920,https://irdai.gov.in/documents/37343/931203/ADIHLIP20170V011920_2019-2020.pdf/4436815b-247c-06d5-3d14-112905fdf817?version=1.1&t=1668511041948&download=true,data\policies\aditya-birla-health-insurance-company-limited\adihlip20170v011920\arogyasanjeevani-policy-aditya-birla-health-insurance-company-limited_ef07d5d1fa8d.pdf,ef07d5d1fa8d7e08a4aeb9dd024063bf9f61fed31994005bc936f17e26daac34,1559390,2026-08-21T06:39:20.380573+00:00,success,
BAJHLIP21100V012021,https://irdai.gov.in/documents/37343/931203/BAJHLIP21100V012021_2020-2021.pdf/efd4507d-a173-28ca-ecf5-a427224cd7bf?version=1.1&t=1668154903452&download=true,data\policies\bajaj-allianz-general-insurance-company-limited\bajhlip21100v012021\corona-kavach-policy-bajaj-allianz-general-insurance-co-ltd_731197387377.pdf,731197387377130a421e1da184382adea3a54664b73d2756c840883381724461,841549,2026-08-21T06:39:21.681644+00:00,success,
RHIHLIP21372V022021,https://irdai.gov.in/documents/37343/931203/RHIHLIP21372V022021_2020-2021.pdf/4adcd1b6-1d72-97f3-a2bb-6059bb03454d?version=1.1&t=1668583683312&download=true,data\policies\care-health-insurance-limited\rhihlip21372v022021\enhance_515b08acaeeb.pdf,515b08acaeeb0e7d326a775f66bf7b021d917355113362c79ef9f39720d8bbe3,1736336,2026-08-21T06:39:23.369009+00:00,success,
HDHHLIP21053V022021,https://irdai.gov.in/documents/37343/931203/HDHHLIP21053V022021_2020-2021.pdf/0354d7aa-c983-cb47-d35a-4be22ae95428?version=1.1&t=1668583460006&download=true,data\policies\hdfc-ergo-general-insurance-company-limited\hdhhlip21053v022021\total-health_0bdedc0fa3c6.pdf,0bdedc0fa3c624211d6658d236e0349f4b61943ff1effbfc0809ad0172d9ffe3,197420,2026-08-21T06:39:24.429161+00:00,success,
ICIHLIP21569V012021,https://irdai.gov.in/documents/37343/931203/ICIHLIP21569V012021_2020-2021.pdf/ee778358-7610-1dcf-8c69-d7cbe1b5c57a?version=1.1&t=1668583657192&download=true,data\policies\icici-lombard-general-insurance-company-limited\icihlip21569v012021\befit_a634e8da033a.pdf,a634e8da033aa85d723eff64ba4536b9dfadba97a37da7d946b2beaaf20df271,561310,2026-08-21T06:39:25.656501+00:00,success,
MCIHLIP21139V012021,https://irdai.gov.in/documents/37343/931203/MCIHLIP21139V012021_2020-2021.pdf/0f71aa1f-081b-c4af-f5c2-5049bef0d224?version=1.1&t=1668593995571&download=true,data\policies\manipalcigna-health-insurance-company-limited\mcihlip21139v012021\corona-rakshak-policy-manipalcigna_98b11c5fb375.pdf,98b11c5fb3757f94ed67ed23321e7a33bdc3d668caced615687db87b687f3531,630587,2026-08-21T06:39:26.834564+00:00,success,
MAXHLIP21072V012021,https://irdai.gov.in/documents/37343/931203/MAXHLIP21072V012021_2020-2021.pdf/ac183b42-1b8d-2e76-76d3-1c27b11d90e2?version=1.1&t=1668153230694&download=true,data\policies\niva-bupa-health-insurance-company-limited\maxhlip21072v012021\corona-kavach-policy-max-bupa-health-insurance-co-ltd_df09d9b331cf.pdf,df09d9b331cf058437176605d92a37748642686bc06b4598f55017f68dd33a9e,299285,2026-08-21T06:39:27.862434+00:00,success,
SBIHLIP21090V012021,https://irdai.gov.in/documents/37343/931203/SBIHLIP21090V012021_2020-2021.pdf/03f6f807-e4cf-be70-89ba-9d9da4f0cb6a?version=1.1&t=1668152626178&download=true,data\policies\sbi-general-insurance-company-limited\sbihlip21090v012021\corona-kavach-policy-sbi-general-insurance-company-limited_bc9216ecf91d.pdf,bc9216ecf91df86f39c74691ca697f30a83597152473a8e8943abbced9a01bdb,327364,2026-08-21T06:39:29.056415+00:00,success,
SHAHLIP22102V052122,https://irdai.gov.in/documents/37343/931203/SHAHLIP22102V052122_HEALTH2148.pdf/18ee492c-1456-e476-934a-9c21555ac7be?version=1.1&t=1668767975865&download=true,data\policies\star-health-and-allied-insurance-company-limited\shahlip22102v052122\family-health-optima-accident-care-policy_1ccc31e99e35.pdf,1ccc31e99e35c1d12fcf3885f24668aa057fe343ac6d8d519f292952e195d663,1289300,2026-08-21T06:39:30.623504+00:00,success,
TATHLIP21258V022021,https://irdai.gov.in/documents/37343/931203/TATHLIP21258V022021_2020-2021.pdf/9498f5a7-775a-57c1-f826-4519550b45e4?version=1.1&t=1668592814101&download=true,data\policies\tata-aig-general-insurance-company-limited\tathlip21258v022021\mediplus_fa35b15b6e89.pdf,fa35b15b6e891b91128fa3e055be2f775695ba1e216ac8b3941b26126fca2a29,414313,2026-08-21T06:39:31.782269+00:00,success,
ADIHLIP20001V011920,https://irdai.gov.in/documents/37343/931203/ADIHLIP20001V011920_2019-2020.pdf/0acad0fc-026d-54e3-5e22-8d6d0be00f3a?version=1.1&t=1668511334784&download=true,data\policies\aditya-birla-health-insurance-company-limited\adihlip20001v011920\active-care_ec4f8835285f.pdf,ec4f8835285f09bd83ab240760d0428df4e3dc86f5e80f7d484a66ef43f37d56,310319,2026-08-21T06:39:33.030578+00:00,success,
BAJHLIP21182V022021,https://irdai.gov.in/documents/37343/931203/BAJHLIP21182V022021_2020-2021.pdf/93a3c398-c919-cd8c-4364-49a864bf5bdd?version=1.1&t=1668581752001&download=true,data\policies\bajaj-allianz-general-insurance-company-limited\bajhlip21182v022021\family-health-care_f785aaffa671.pdf,f785aaffa671b436c8acba2e508b18e03218927a68b711239d4a84cb5cb6e24b,1954882,2026-08-21T06:39:34.478500+00:00,success,
RHIHLIP21373V022021,https://irdai.gov.in/documents/37343/931203/RHIHLIP21373V022021_2020-2021.pdf/52a184e7-15c7-0273-b024-c75f14645449?version=1.1&t=1668583726468&download=true,data\policies\care-health-insurance-limited\rhihlip21373v022021\joy_37d22ab18a21.pdf,37d22ab18a210c2bc4615c4e63b10f569064b6c9463161c23ea0d04934846f18,1735905,2026-08-21T06:39:36.126889+00:00,success,
HDFHLIP21112V012021,https://irdai.gov.in/documents/37343/931203/HDFHLIP21112V012021_2020-2021.pdf/9ebe54d8-8bfa-2cfc-63c1-9db4454b7447?version=1.1&t=1668581643884&download=true,data\policies\hdfc-ergo-general-insurance-company-limited\hdfhlip21112v012021\corona-rakshak-policy-hdfc-ergo_09517648a4f3.pdf,09517648a4f3b86b44a4818be7e497ed0aa02ddcd88b6304543d2054d417a682,501523,2026-08-21T06:39:37.309541+00:00,success,
ICIHLIP21391V022021,https://irdai.gov.in/documents/37343/931203/ICIHLIP21391V022021_2020-2021.pdf/e770ded2-fbec-e368-faca-45793210757e?version=1.1&t=1668585045616&download=true,data\policies\icici-lombard-general-insurance-company-limited\icihlip21391v022021\hospifund-insurance_d063d1dabc9c.pdf,d063d1dabc9ca9b98f82c7c9668b33755c952a393621dc4db23c9e6f0ff64cb3,590762,2026-08-21T06:39:38.514593+00:00,success,
MCIHLIP20156V011920,https://irdai.gov.in/documents/37343/931203/MCIHLIP20156V011920_2019-2020.pdf/b7ed1bec-d07e-2b7b-19b3-21f9d56893d8?version=1.1&t=1668575174037&download=true,data\policies\manipalcigna-health-insurance-company-limited\mcihlip20156v011920\arogya-sanjeevani-policy-manipal-cigna_0b9fdcc9e577.pdf,0b9fdcc9e577cbf0257aced4286fc54e301a452fc5fa29ea5bb005acf5c34ae5,881720,2026-08-21T06:39:39.769456+00:00,success,
MAXHLIP21173V022021,https://irdai.gov.in/documents/37343/931203/MAXHLIP21173V022021_2020-2021.pdf/92f043da-fafa-0be9-5a2f-37cb38da6dd1?version=1.1&t=1668594770478&download=true,data\policies\niva-bupa-health-insurance-company-limited\maxhlip21173v022021\goactive_a13daeb7be72.pdf,a13daeb7be726d4a1f339752c09cfd7b4e70f348dcb2cd790a3b7331a4f847fb,1460355,2026-08-21T06:39:41.373093+00:00,success,
SBIHLIP21120V012021,https://irdai.gov.in/documents/37343/931203/SBIHLIP21120V012021_2020-2021.pdf/b7d46f49-a8a7-4ede-9c02-f9161dfce5ff?version=1.1&t=1668754707868&download=true,data\policies\sbi-general-insurance-company-limited\sbihlip21120v012021\corona-rakshak-policy-sbigeneral-insurance-co-ltd_07920fed23db.pdf,07920fed23dba99752109c2ddd7121e6c54bfa092679ca3e62df14dbcd33bce3,290704,2026-08-21T06:39:42.595270+00:00,success,
SHAHLIP22027V032122,https://irdai.gov.in/documents/37343/931203/SHAHLIP22027V032122_HEALTH2049.pdf/f4d863fa-cd41-e55d-d747-d2ff2d88d060?version=1.1&t=1668769933635&download=true,data\policies\star-health-and-allied-insurance-company-limited\shahlip22027v032122\arogya-sanjeevani-policy-star-health-and-allied-insurance-co-ltd_dfe6394d1664.pdf,dfe6394d1664aa8292514b8eb74e2f51a8c73d2b0c8fc67f0b3060f9f526b550,894622,2026-08-21T06:39:43.836582+00:00,success,
TATHLIP21257V022021,https://irdai.gov.in/documents/37343/931203/TATHLIP21257V022021_2020-2021.pdf/bcb13442-a5ad-afa0-8a1d-5696337e8b13?version=1.1&t=1668592642016&download=true,data\policies\tata-aig-general-insurance-company-limited\tathlip21257v022021\tata-aig-medicare-premier_082d0c325f48.pdf,082d0c325f489c45b4fc97973ffbd2499948fc764ab52fae623d23422402d831,343739,2026-08-21T06:39:45.260216+00:00,success,
BAJHLIP21115V022021,https://irdai.gov.in/documents/37343/931203/BAJHLIP21115V022021_2020-2021.pdf/c99daebb-68e0-d213-f14c-e2e72474d059?version=1.1&t=1668581319137&download=true,data\policies\bajaj-allianz-general-insurance-company-limited\bajhlip21115v022021\hospital-cash-daily-allowance_7baa553dc43e.pdf,7baa553dc43ed64e6e63cd73a9502a7598c7950b341b41c2a40821860af0862b,251106,2026-08-21T06:39:46.231232+00:00,success,
RHIHLIP21374V022021,https://irdai.gov.in/documents/37343/931203/RHIHLIP21374V022021_2020-2021.pdf/4fd9668d-f0b5-ff3b-00f2-fcba1920b004?version=1.1&t=1668583776275&download=true,data\policies\care-health-insurance-limited\rhihlip21374v022021\super-mediclaim_3752e6bb9e44.pdf,3752e6bb9e44c9a928dc2dabee5309f2b46d463a92773245dc8bdf35dedb8520,5037557,2026-08-21T06:39:49.529140+00:00,success,
HDHHLIP21109V012021,https://irdai.gov.in/documents/37343/931203/HDHHLIP21109V012021_2020-2021.pdf/a88fd38d-04b9-4a8f-b145-18552aee57ab?version=1.1&t=1668582347130&download=true,data\policies\hdfc-ergo-general-insurance-company-limited\hdhhlip21109v012021\corona-rakshak-policy-hdfc-ergo-health_2b9493d2b7f3.pdf,2b9493d2b7f388bfb5b36809f4f8ba05b42ae85e0ea37d68c6b725313a967e12,888498,2026-08-21T06:39:50.898391+00:00,success,
ICIHLIP21383V052021,https://irdai.gov.in/documents/37343/931203/ICIHLIP21383V052021_2020-2021.pdf/0948ef3e-3860-6893-1f9f-451cb7aad3b6?version=1.1&t=1668584946575&download=true,data\policies\icici-lombard-general-insurance-company-limited\icihlip21383v052021\icici-complete-health-insurance_baf435f42ee6.pdf,baf435f42ee6603c72980d55528f8bb380a23b8f69eed37f49398423885a85e2,959360,2026-08-21T06:39:52.364735+00:00,success,
MCIHLIP20081V011920,https://irdai.gov.in/documents/37343/931203/MCIHLIP20081V011920_2019-2020.pdf/b6008ab1-7975-a259-d914-b9c32f8b514a?version=1.1&t=1668575122659&download=true,data\policies\manipalcigna-health-insurance-company-limited\mcihlip20081v011920\manipal-cigna-super-top-up_1196115abf32.pdf,1196115abf32bd2da7972be98cdcd1a4572b6a258c62e277fd3ee572d112460e,4855059,2026-08-21T06:39:54.963282+00:00,success,
MAXHLIP21176V022021,https://irdai.gov.in/documents/37343/931203/MAXHLIP21176V022021_2020-2021.pdf/4fd40964-5417-b5cd-e501-7d720ef4feb6?version=1.1&t=1668595083364&download=true,data\policies\niva-bupa-health-insurance-company-limited\maxhlip21176v022021\health-premia_2ad5269814fe.pdf,2ad5269814fe8a28f38ca0850f58b11c30295fa27a82af812acde935d3d34391,1437612,2026-08-21T06:39:56.585520+00:00,success,
SBIHLIP20180V011920,https://irdai.gov.in/documents/37343/931203/SBIHLIP20180V011920_2019-2020.pdf/2de1fc0b-c744-58c9-289d-4b45fa29113a?version=1.1&t=1668576395137&download=true,data\policies\sbi-general-insurance-company-limited\sbihlip20180v011920\arogya-sanjeevani-policy-sbi-general-insurance-company-limited_9068d3b9c53e.pdf,9068d3b9c53eb86b2f3f8ac9d15565daa69746a738d978e029edaa82c98f3fc7,971062,2026-08-21T06:39:57.816410+00:00,success,
SHAHLIP22029V072122,https://irdai.gov.in/documents/37343/931203/SHAHLIP22029V072122_HEALTH2051.pdf/45925d7a-2a00-121a-8f46-77ace2a9dbdb?version=1.1&t=1668770003870&download=true,data\policies\star-health-and-allied-insurance-company-limited\shahlip22029v072122\diabetes-safe-insurance-policy_7720c0fc38da.pdf,7720c0fc38daf2bd56acb75b592789aa84252cc835d0524b3952a0685518b170,948318,2026-08-21T06:39:59.082116+00:00,success,
TATHLIP21253V022021,https://irdai.gov.in/documents/37343/931203/TATHLIP21253V022021_2020-2021.pdf/4c330fc2-6fe0-8709-30e4-d07032c75f61?version=1.1&t=1668592472802&download=true,data\policies\tata-aig-general-insurance-company-limited\tathlip21253v022021\tata-aig-medicare-plus_fa74e9a96082.pdf,fa74e9a96082999088020f520a19957a813a74aa3add42059fa2d6844b4b4997,502735,2026-08-21T06:40:00.478581+00:00,success,
BAJHLIP21184V022021,https://irdai.gov.in/documents/37343/931203/BAJHLIP21184V022021_2020-2021.pdf/7790d106-a4b4-7b8d-71e3-84f581590cde?version=1.1&t=1668581893534&download=true,data\policies\bajaj-allianz-general-insurance-company-limited\bajhlip21184v022021\tax-gain_1514d6002a60.pdf,1514d6002a601cde3ebff698b0f6754b06362d3663adaa95ddbfddd78605a8c0,586907,2026-08-21T06:40:01.734080+00:00,success,
