uin,archive_status,financial_year,insurer,product_name,approval_date,product_type,document_url,document_text,scraped_at,approval_date_iso,insurer_code,uin_category,uin_type,uin_serial,uin_version,canonical_insurer,line_key,version_num,is_latest_version,product_key,score
ADIHLIP21574V032021,Non-Archived,2020-2021,Aditya Birla Health Insurance Co. Ltd,Activ Health,01-08-2021,Revision,https://irdai.gov.in/documents/37343/931203/ADIHLIP21574V032021_2020-2021.pdf/0b0783bb-0000-9a96-54b3-729f4cc5974d?version=1.1&t=1668578608012&download=true,ADIHLIP21574V032021_2020-2021.pdf,2026-08-21T06:22:28.557237+00:00,2021-08-01,ADI,HL,IP,21574,03,Aditya Birla Health Insurance Company Limited,ADI|HL|IP|21574,3,True,activ health,196
BAJHLIP23020V012223,Non-Archived,2022-2023,Bajaj Allianz General Insurance Co. Ltd.,Global Health Care,06-05-2022,Individual,https://irdai.gov.in/documents/37343/931203/BAJHLIP23020V012223.pdf/fc18c97a-baf7-336e-bd80-e637b32dcb7d?version=1.0&t=1667711515563&download=true,BAJHLIP23020V012223.pdf,2026-08-21T06:22:28.557237+00:00,2022-05-06,BAJ,HL,IP,23020,01,Bajaj Allianz General Insurance Company Limited,BAJ|HL|IP|23020,1,True,global health care,198
CHIHLIP22223V012122,Non-Archived,2021-2022,Care Health Insurance Ltd.,Senior Health Advantage,08-03-2022,Individual,https://irdai.gov.in/documents/37343/931203/CHIHLIP22223V012122.pdf/dd8d4003-cce1-3f32-6c76-17cf1642087b?version=1.1&t=1668853983684&download=true,CHIHLIP22223V012122.pdf,2026-08-21T06:22:28.557237+00:00,2022-03-08,CHI,HL,IP,22223,01,Care Health Insurance Limited,CHI|HL|IP|22223,1,True,senior health advantage,198
HDFHLIP23024V072223,Non-Archived,2022-2023,HDFC ERGO General Insurance Company Limited.,Easy Health,20-05-2022,Revision,https://irdai.gov.in/documents/37343/931203/HDFHLIP23024V072223.pdf/4bb864b2-c358-cde0-9230-9ae57c2097cd?version=1.0&t=1667711499204&download=true,HDFHLIP23024V072223.pdf,2026-08-21T06:22:28.557237+00:00,2022-05-20,HDF,HL,IP,23024,07,HDFC ERGO General Insurance Company Limited,HDF|HL|IP|23024,7,True,easy health,198
ICIHLIP22012V012223,Non-Archived,2022-2023,ICICI Lombard GIC Ltd,Golden Shield,12-04-2022,Individual,https://irdai.gov.in/documents/37343/931203/ICIHLIP22012V012223.pdf/d258f1bb-a90d-5f13-c8bb-c0317ffae28b?version=1.0&t=1669349189166&download=true,ICIHLIP22012V012223.pdf,2026-08-21T06:22:28.557237+00:00,2022-04-12,ICI,HL,IP,22012,01,ICICI Lombard General Insurance Company Limited,ICI|HL|IP|22012,1,True,golden shield,198
MCIHLIP22224V012122,Non-Archived,2021-2022,ManipalCigna Health Insurance Co. Ltd.,ManipalCigna ProHealth Prime,09-03-2022,Individual,https://irdai.gov.in/documents/37343/931203/MCIHLIP22224V012122.pdf/6cf0a1af-1bc8-0c09-531a-671e15963135?version=1.1&t=1668851840343&download=true,MCIHLIP22224V012122.pdf,2026-08-21T06:22:28.557237+00:00,2022-03-09,MCI,HL,IP,22224,01,ManipalCigna Health Insurance Company Limited,MCI|HL|IP|22224,1,True,manipalcigna prohealth prime,198
NBHHLIP23007V052223,Non-Archived,2022-2023,Niva Bupa Health Insurance Company Limited,Health Companion,05-05-2022,Revision,https://irdai.gov.in/documents/37343/931203/NBHHLIP23007V052223.pdf/106c00c6-3b29-7c1c-afea-770854505528?version=1.0&t=1669350170763&download=true,NBHHLIP23007V052223.pdf,2026-08-21T06:22:28.557237+00:00,2022-05-05,NBH,HL,IP,23007,05,Niva Bupa Health Insurance Company Limited,NBH|HL|IP|23007,5,True,health companion,198
SBIHLIP23050V012223,Non-Archived,2022-2023,SBI General Insurance Company Limited,Super Health Insurance,23-06-2022,Individual,https://irdai.gov.in/documents/37343/931203/SBIHLIP23050V012223.pdf/de34fc22-e5b0-d313-41b1-9bcd4243d600?version=1.0&t=1669351245742&download=true,SBIHLIP23050V012223.pdf,2026-08-21T06:22:28.557237+00:00,2022-06-23,SBI,HL,IP,23050,01,SBI General Insurance Company Limited,SBI|HL|IP|23050,1,True,super health,198
SHAHLIP23037V072223,Non-Archived,2022-2023,Star Health And Allied Insurance Co. Ltd,Medi Classic Insurance Policy (Individual),13-06-2022,Revision,https://irdai.gov.in/documents/37343/931203/SHAHLIP23037V072223.pdf/2e8aa427-69f1-d423-d81b-ef9c7a8194bd?version=1.0&t=1669353086126&download=true,SHAHLIP23037V072223.pdf,2026-08-21T06:22:28.557237+00:00,2022-06-13,SHA,HL,IP,23037,07,Star Health and Allied Insurance Company Limited,SHA|HL|IP|23037,7,True,medi classic individual,198
TATHLIP22176V012122,Non-Archived,2021-2022,Tata AIG General Insuarance Co Ltd,Tata AIG Criti- Medicare,03-11-2021,Health,https://irdai.gov.in/documents/37343/931203/Tata+AIG+Criti-+Medicare.pdf/58dddaeb-573c-074d-5891-3c809f2556e6?version=1.1&t=1668754767821&download=true,Tata AIG Criti- Medicare.pdf,2026-08-21T06:22:28.557237+00:00,2021-11-03,TAT,HL,IP,22176,01,Tata AIG General Insurance Company Limited,TAT|HL|IP|22176,1,True,tata aig criti medicare,196
ADIHLIP21250V032021,Non-Archived,2020-2021,Aditya Birla Health Insurance Co. Ltd.,Activ Assure,15-09-2020,Revision,https://irdai.gov.in/documents/37343/931203/ADIHLIP21250V032021_2020-2021.pdf/6224f254-de8b-5828-7e9b-bee7d9495c40?version=1.1&t=1668581031785&download=true,ADIHLIP21250V032021_2020-2021.pdf,2026-08-21T06:22:28.557237+00:00,2020-09-15,ADI,HL,IP,21250,03,Aditya Birla Health Insurance Company Limited,ADI|HL|IP|21250,3,True,activ assure,194
BAJHLIP22024V032122,Non-Archived,2021-2022,Bajaj Allianz General Insurance Co. Ltd.,Family Care,27-05-2021,Revision,https://irdai.gov.in/documents/37343/931203/BAJHLIP22024V032122_HEALTH2003.pdf/3a731570-ef1e-4e72-c816-9cc50a42b658?version=1.1&t=1668843530403&download=true,BAJHLIP22024V032122_HEALTH2003.pdf,2026-08-21T06:22:28.557237+00:00,2021-05-27,BAJ,HL,IP,22024,03,Bajaj Allianz General Insurance Company Limited,BAJ|HL|IP|22024,3,True,family care,196
CHIHLIP22184V062122,Non-Archived,2021-2022,Care Health Insurance Ltd,Care,25-11-2021,Revision,https://irdai.gov.in/documents/37343/931203/CHIHLIP22184V062122_1.pdf/ca67b15b-236b-a41d-bf95-5c8671592fb0?version=1.0&t=1669358244048&download=true,CHIHLIP22184V062122_1.pdf,2026-08-21T06:22:28.557237+00:00,2021-11-25,CHI,HL,IP,22184,06,Care Health Insurance Limited,CHI|HL|IP|22184,6,True,care,196
HDFHLIP22193V072122,Non-Archived,2021-2022,HDFC ERGO General Insurance Company Ltd.,Optima Restore,28-12-2021,health,https://irdai.gov.in/documents/37343/931203/Optima+Restore.pdf/65c079a4-f778-55c7-8056-0726c695130a?version=1.1&t=1668753919263&download=true,Optima Restore.pdf,2026-08-21T06:22:28.557237+00:00,2021-12-28,HDF,HL,IP,22193,07,HDFC ERGO General Insurance Company Limited,HDF|HL|IP|22193,7,True,optima restore,196
ICIHLIP22206V022122,Non-Archived,2021-2022,ICICI Lombard GI Co. Ltd.,Health advantEDGE,02-02-2022,Revision,https://irdai.gov.in/documents/37343/931203/ICIHLIP22206V022122.pdf/279a2804-73dc-b129-daea-cdece2013079?version=1.1&t=1668851331232&download=true,ICIHLIP22206V022122.pdf,2026-08-21T06:22:28.557237+00:00,2022-02-02,ICI,HL,IP,22206,02,ICICI Lombard General Insurance Company Limited,ICI|HL|IP|22206,2,True,health advantedge,198
MCIHLIP22211V062122,Non-Archived,2021-2022,ManipalCigna Health Insurance Co.,ManipalCigna ProHealth Insurance,11-02-2022,Revision,https://irdai.gov.in/documents/37343/931203/MCIHLIP22211V062122.pdf/b3a179da-4a2e-b4f2-27db-11779ec9a3cf?version=1.1&t=1668851771621&download=true,MCIHLIP22211V062122.pdf,2026-08-21T06:22:28.557237+00:00,2022-02-11,MCI,HL,IP,22211,06,ManipalCigna Health Insurance Company Limited,MCI|HL|IP|22211,6,True,manipalcigna prohealth,198
NBHHLIP22155V032122,Non-Archived,2021-2022,Niva Bupa Health Insurance co ltd,Health Pulse,03-09-2021,Revision,https://irdai.gov.in/documents/37343/931203/NBHHLIP22155V032122_HEALTH2136.pdf/bbc8c177-4cef-4002-123e-6d72fefccb33?version=1.1&t=1668766849277&download=true,NBHHLIP22155V032122_HEALTH2136.pdf,2026-08-21T06:22:28.557237+00:00,2021-09-03,NBH,HL,IP,22155,03,Niva Bupa Health Insurance Company Limited,NBH|HL|IP|22155,3,True,health pulse,196
SBIHLIP22158V012122,Non-Archived,2021-2022,SBI General Insurance Co.Ltd.,Arogya Shield,09-09-2021,Retail,https://irdai.gov.in/documents/37343/931203/SBIHLIP22158V012122_HEALTH2145.pdf/3c694d49-6698-db27-a41e-6baaea92345a?version=1.1&t=1668767356765&download=true,SBIHLIP22158V012122_HEALTH2145.pdf,2026-08-21T06:22:28.557237+00:00,2021-09-09,SBI,HL,IP,22158,01,SBI General Insurance Company Limited,SBI|HL|IP|22158,1,True,arogya shield,196
SHAHLIP23017V012223,Non-Archived,2022-2023,Star Health And Allied Insurance Co. Ltd,Star Health Assure Insurance Policy,22-04-2022,Individual,https://irdai.gov.in/documents/37343/931203/SHAHLIP23017V012223.pdf/f5426aca-4328-7a97-f93a-aba9e739e2bb?version=1.0&t=1669352686338&download=true,SHAHLIP23017V012223.pdf,2026-08-21T06:22:28.557237+00:00,2022-04-22,SHA,HL,IP,23017,01,Star Health and Allied Insurance Company Limited,SHA|HL|IP|23017,1,True,star health assure,198
TATHLIP21095V012021,Non-Archived,2020-2021,TATA AIG General Insurance Co Ltd,"Corona Kavach Policy, TATA AIG General Insurance Company Limited",07-10-2020,New,https://irdai.gov.in/documents/37343/931203/TATHLIP21095V012021_2020-2021.pdf/44194f6f-b63e-783e-6fa4-6f0c503aa9b3?version=1.1&t=1668152378226&download=true,TATHLIP21095V012021_2020-2021.pdf,2026-08-21T06:22:28.557237+00:00,2020-10-07,TAT,HL,IP,21095,01,Tata AIG General Insurance Company Limited,TAT|HL|IP|21095,1,True,corona kavach tata aig general company limited,194
ADIHLIP21080V012021,Non-Archived,2020-2021,Aditya Birla Health Insurance Co Ltd,"Corona Kavach Policy, Aditya Birla Health Insurance Company Limited",07-09-2020,New,https://irdai.gov.in/documents/37343/931203/ADIHLIP21080V012021_2020-2021.pdf/ac6c7fde-ad37-6ac5-1734-e3818f0d3632?version=1.1&t=1668155000658&download=true,ADIHLIP21080V012021_2020-2021.pdf,2026-08-21T06:22:28.557237+00:00,2020-09-07,ADI,HL,IP,21080,01,Aditya Birla Health Insurance Company Limited,ADI|HL|IP|21080,1,True,corona kavach aditya birla health company limited,194
BAJHLIP22019V022122,Non-Archived,2021-2022,Bajaj Allianz General Insurance Co. Ltd.,M Care,19-05-2021,Revision,https://irdai.gov.in/documents/37343/931203/BAJHLIP22019V022122_HEALTH2002.pdf/14747491-6bac-bc1b-8612-1f340e4b8760?version=1.1&t=1668843444730&download=true,BAJHLIP22019V022122_HEALTH2002.pdf,2026-08-21T06:22:28.557237+00:00,2021-05-19,BAJ,HL,IP,22019,02,Bajaj Allianz General Insurance Company Limited,BAJ|HL|IP|22019,2,True,m care,196
CHIHLIP22071V012122,Non-Archived,2021-2022,Care Health Insurance Co. Ltd,Care Classic,22-06-2021,Health,https://irdai.gov.in/documents/37343/931203/Care+Classic.pdf/7be83790-6e88-553b-b72b-a21de4930483?version=1.2&t=1668753400254&download=true,Care Classic.pdf,2026-08-21T06:22:28.557237+00:00,2021-06-22,CHI,HL,IP,22071,01,Care Health Insurance Limited,CHI|HL|IP|22071,1,True,care classic,196
HDFHLIP22145V032122,Non-Archived,2021-2022,HDFC ERGO General Insurance company Ltd,my:health Critical Suraksha Plus,06-08-2021,Revision,https://irdai.gov.in/documents/37343/931203/HDFHLIP22145V032122_HEALTH2099.pdf/7c1a2a96-26d2-f8f9-10ac-d177a9eafe6c?version=1.1&t=1668842706579&download=true,HDFHLIP22145V032122_HEALTH2099.pdf,2026-08-21T06:22:28.557237+00:00,2021-08-06,HDF,HL,IP,22145,03,HDFC ERGO General Insurance Company Limited,HDF|HL|IP|22145,3,True,my health critical suraksha plus,196
ICIHLIP22131V012122,Non-Archived,2021-2022,ICICI Lombard GI Co. Ltd.,Criti Shield Plus,28-07-2021,New,https://irdai.gov.in/documents/37343/931203/ICIHLIP22131V012122_HEALTH2108.pdf/77aad9fd-413b-ed25-dc17-9890b0528c72?version=1.1&t=1668755447141&download=true,ICIHLIP22131V012122_HEALTH2108.pdf,2026-08-21T06:22:28.557237+00:00,2021-07-28,ICI,HL,IP,22131,01,ICICI Lombard General Insurance Company Limited,ICI|HL|IP|22131,1,True,criti shield plus,196
MCIHLIP23022V032223,Non-Archived,2022-2023,Manipal Cigna Health Insurance Co. Ltd.,ManipalCigna Super Top Up,01-04-2021,Revision,https://irdai.gov.in/documents/37343/931203/MCIHLIP23022V032223.pdf/95221470-886d-ff52-2a78-b1031aaddee7?version=1.0&t=1669349551633&download=true,MCIHLIP23022V032223.pdf,2026-08-21T06:22:28.557237+00:00,2021-04-01,MCI,HL,IP,23022,03,ManipalCigna Health Insurance Company Limited,MCI|HL|IP|23022,3,True,manipalcigna super top up,196
NBHHLIP22156V032122,Non-Archived,2021-2022,Niva Bupa Health Insurance co ltd,Health Recharge,03-09-2021,Revision,https://irdai.gov.in/documents/37343/931203/NBHHLIP22156V032122_HEALTH2137.pdf/905480e4-4dcd-831b-39b4-1edfeb74196f?version=1.1&t=1668766906943&download=true,NBHHLIP22156V032122_HEALTH2137.pdf,2026-08-21T06:22:28.557237+00:00,2021-09-03,NBH,HL,IP,22156,03,Niva Bupa Health Insurance Company Limited,NBH|HL|IP|22156,3,True,health recharge,196
SBIHLIP22135V032122,Non-Archived,2021-2022,SBI General Insurance Co.Ltd.,Arogya Plus Policy,30-07-2021,Revision,https://irdai.gov.in/documents/37343/931203/SBIHLIP22135V032122_HEALTH2141.pdf/e7f4df16-6ee8-8582-134d-af29a8763e91?version=1.1&t=1668767168288&download=true,SBIHLIP22135V032122_HEALTH2141.pdf,2026-08-21T06:22:28.557237+00:00,2021-07-30,SBI,HL,IP,22135,03,SBI General Insurance Company Limited,SBI|HL|IP|22135,3,True,arogya plus,196
SHAHLIP22231V012122,Non-Archived,2021-2022,Star Health & Allied Insurance Co. Ltd,Star Health and Allied Insurance Co. Ltd,29-03-2022,Revision,https://irdai.gov.in/documents/37343/931203/SHAHLIP22231V012122.pdf/6426137b-e339-610f-8bf2-c468a583f18f?version=1.1&t=1668853759058&download=true,SHAHLIP22231V012122.pdf,2026-08-21T06:22:28.557237+00:00,2022-03-29,SHA,HL,IP,22231,01,Star Health and Allied Insurance Company Limited,SHA|HL|IP|22231,1,True,star health and allied co ltd,198
TATHLIP21292V022021,Non-Archived,2020-2021,Tata AIG General Insurance Co. Ltd.,Critical Illness,20-09-2020,Revision,https://irdai.gov.in/documents/37343/931203/TATHLIP21292V022021_2020-2021.pdf/1c14d81a-8d9f-ca79-5f9b-b6a0ae5e418b?version=1.1&t=1668592970984&download=true,TATHLIP21292V022021_2020-2021.pdf,2026-08-21T06:22:28.557237+00:00,2020-09-20,TAT,HL,IP,21292,02,Tata AIG General Insurance Company Limited,TAT|HL|IP|21292,2,True,critical illness,194
ADIHLIP21136V012021,Non-Archived,2020-2021,Aditya Birla Health Insurance Co. Ltd.,"Corona Rakshak Policy , Aditya Birla Health Insurance Co. Limited",31-07-2020,Individual,https://irdai.gov.in/documents/37343/931203/ADIHLIP21136V012021_2020-2021.pdf/6428251c-e085-251a-f696-762e6fe9eaf5?version=1.1&t=1668580994378&download=true,ADIHLIP21136V012021_2020-2021.pdf,2026-08-21T06:22:28.557237+00:00,2020-07-31,ADI,HL,IP,21136,01,Aditya Birla Health Insurance Company Limited,ADI|HL|IP|21136,1,True,corona rakshak aditya birla health co limited,194
BAJHLIP22192V032122,Non-Archived,2021-2022,Bajaj Allianz General Insuarnce Co. Ltd,Silver Health,01-04-2021,Health,https://irdai.gov.in/documents/37343/931203/Silver+Health.pdf/8a2f35ac-0a8e-6e8e-d284-a44ea3c60caa?version=1.1&t=1668753337593&download=true,Silver Health.pdf,2026-08-21T06:22:28.557237+00:00,2021-04-01,BAJ,HL,IP,22192,03,Bajaj Allianz General Insurance Company Limited,BAJ|HL|IP|22192,3,True,silver health,196
CHIHLIP22047V012122,Non-Archived,2021-2022,Care Health Insurance Ltd.,Care Plus,10-06-2021,Retail,https://irdai.gov.in/documents/37343/931203/CHIHLIP22047V012122_HEALTH2082.pdf/68d457ef-a927-0d1a-df73-4d9f0999822f?version=1.1&t=1668769091888&download=true,CHIHLIP22047V012122_HEALTH2082.pdf,2026-08-21T06:22:28.557237+00:00,2021-06-10,CHI,HL,IP,22047,01,Care Health Insurance Limited,CHI|HL|IP|22047,1,True,care plus,196
HDFHLIP22142V032122,Non-Archived,2021-2022,HDFC ERGO General Insurance company Ltd,my:health Women Suraksha,06-08-2021,Revision,https://irdai.gov.in/documents/37343/931203/HDFHLIP22142V032122_2021-2022.pdf/20a01e71-8f95-3043-b944-2ddec6ef6337?version=1.2&t=1668767607138&download=true,HDFHLIP22142V032122_2021-2022.pdf,2026-08-21T06:22:28.557237+00:00,2021-08-06,HDF,HL,IP,22142,03,HDFC ERGO General Insurance Company Limited,HDF|HL|IP|22142,3,True,my health women suraksha,196
ICIHLIP22100V032122,Non-Archived,2021-2022,ICICI Lombard GI Co. Ltd.,Health Booster,06-07-2021,Revision,https://irdai.gov.in/documents/37343/931203/ICIHLIP22100V032122_HEALTH2107.pdf/cabf902d-a743-cc58-f6ce-643fde937bda?version=1.1&t=1668843260784&download=true,ICIHLIP22100V032122_HEALTH2107.pdf,2026-08-21T06:22:28.557237+00:00,2021-07-06,ICI,HL,IP,22100,03,ICICI Lombard General Insurance Company Limited,ICI|HL|IP|22100,3,True,health booster,196
MCIHLIP21070V012021,Non-Archived,2020-2021,Manipal Cigna Health Insurance Co Ltd,"Corona Kavach Policy,Manipal Cigna",07-10-2020,New,https://irdai.gov.in/documents/37343/931203/MCIHLIP21070V012021_2020-2021.pdf/7a8a44a8-821a-c3e1-f95f-744b4d7f10dc?version=1.1&t=1668153171854&download=true,MCIHLIP21070V012021_2020-2021.pdf,2026-08-21T06:22:28.557237+00:00,2020-10-07,MCI,HL,IP,21070,01,ManipalCigna Health Insurance Company Limited,MCI|HL|IP|21070,1,True,corona kavach manipal cigna,194
NBHHLIP22151V012122,Non-Archived,2021-2022,Niva Bupa Health Insurance co ltd,"Arogya Sanjeevani, Niva Bupa Health Insurance Co. Ltd.",24-08-2021,Revision,https://irdai.gov.in/documents/37343/931203/NBHHLIP22151V012122_HEALTH2134.pdf/ddc465e4-2012-c8bf-c582-7463e0c75c74?version=1.1&t=1668766621195&download=true,NBHHLIP22151V012122_HEALTH2134.pdf,2026-08-21T06:22:28.557237+00:00,2021-08-24,NBH,HL,IP,22151,01,Niva Bupa Health Insurance Company Limited,NBH|HL|IP|22151,1,True,arogya sanjeevani niva bupa health co ltd,196
SBIHLIP22136V032122,Non-Archived,2021-2022,SBI General Insurance Co.Ltd.,Arogya Premier Policy,30-07-2021,Revision,https://irdai.gov.in/documents/37343/931203/SBIHLIP22136V032122_HEALTH2142.pdf/456087c3-98b3-6e74-2d8e-e94de9f14203?version=1.1&t=1668767203332&download=true,SBIHLIP22136V032122_HEALTH2142.pdf,2026-08-21T06:22:28.557237+00:00,2021-07-30,SBI,HL,IP,22136,03,SBI General Insurance Company Limited,SBI|HL|IP|22136,3,True,arogya premier,196
SHAHLIP22226V012122,Non-Archived,2021-2022,Star Health & Allied Insurance Co. Ltd,Star Health Premier Insurance Policy,11-03-2022,Individual,https://irdai.gov.in/documents/37343/931203/SHAHLIP22226V012122.pdf/c6613fb9-5c51-db3b-f328-e310e35794ec?version=1.1&t=1668853701979&download=true,SHAHLIP22226V012122.pdf,2026-08-21T06:22:28.557237+00:00,2022-03-11,SHA,HL,IP,22226,01,Star Health and Allied Insurance Company Limited,SHA|HL|IP|22226,1,True,star health premier,198
TATHLIP21293V022021,Non-Archived,2020-2021,Tata AIG General Insurance Co. Ltd.,Home Guard Plus Policy,20-09-2020,Revision,https://irdai.gov.in/documents/37343/931203/TATHLIP21293V022021_2020-2021.pdf/9c7bc6cf-a981-c9e8-a73d-1062e64e8cb3?version=1.1&t=1668593057247&download=true,TATHLIP21293V022021_2020-2021.pdf,2026-08-21T06:22:28.557237+00:00,2020-09-20,TAT,HL,IP,21293,02,Tata AIG General Insurance Company Limited,TAT|HL|IP|21293,2,True,home guard plus,194
ADIHLIP21062V022021,Non-Archived,2020-2021,Aditya Birla Health Insurance Co. Ltd.,Activ Care,30-06-2020,Revision,https://irdai.gov.in/documents/37343/931203/ADIHLIP21062V022021_2020-2021.pdf/13145754-8a7a-1087-cc3e-2d179c9f72e8?version=1.1&t=1668579560455&download=true,ADIHLIP21062V022021_2020-2021.pdf,2026-08-21T06:22:28.557237+00:00,2020-06-30,ADI,HL,IP,21062,02,Aditya Birla Health Insurance Company Limited,ADI|HL|IP|21062,2,True,activ care,194
BAJHLIP21146V022021,Non-Archived,2020-2021,Bajaj Allianz General Insurance Co. Ltd,Extra Care,08-12-2020,Revision,https://irdai.gov.in/documents/37343/931203/BAJHLIP21146V022021_2020-2021.pdf/d2b214ec-6122-2518-0906-f3285f1506bb?version=1.1&t=1668581706141&download=true,BAJHLIP21146V022021_2020-2021.pdf,2026-08-21T06:22:28.557237+00:00,2020-12-08,BAJ,HL,IP,21146,02,Bajaj Allianz General Insurance Company Limited,BAJ|HL|IP|21146,2,True,extra care,194
RHIHLIP21519V022021,Non-Archived,2020-2021,Care Health Insurance Ltd.,Care Freedom,30-09-2020,Revision,https://irdai.gov.in/documents/37343/931203/RHIHLIP21519V022021_2020-2021.pdf/312ebe2a-6229-6754-48bf-bf7aea1c8931?version=1.1&t=1668583902334&download=true,RHIHLIP21519V022021_2020-2021.pdf,2026-08-21T06:22:28.557237+00:00,2020-09-30,RHI,HL,IP,21519,02,Care Health Insurance Limited,RHI|HL|IP|21519,2,True,care freedom,194
HDFHLIP21005V022122,Non-Archived,2021-2022,HDFC ERGO General Insurance Co. Ltd.,my: Sampoorna Suraksha,04-07-2021,Revision,https://irdai.gov.in/documents/37343/931203/HDFHLIP21005V022122_HEALTH2014.pdf/04196f2d-ac06-398a-d74d-f4b32098b86b?version=1.1&t=1668845105146&download=true,HDFHLIP21005V022122_HEALTH2014.pdf,2026-08-21T06:22:28.557237+00:00,2021-07-04,HDF,HL,IP,21005,02,HDFC ERGO General Insurance Company Limited,HDF|HL|IP|21005,2,True,my sampoorna suraksha,196
ICIHLIP22092V032122,Non-Archived,2021-2022,ICICI Lombard GI Co. Ltd.,Family Shield,02-07-2021,Revision,https://irdai.gov.in/documents/37343/931203/ICIHLIP22092V032122_HEALTH2105.pdf/a9f5172f-839f-84e7-dfa4-df80a27c0c0c?version=1.1&t=1668843142555&download=true,ICIHLIP22092V032122_HEALTH2105.pdf,2026-08-21T06:22:28.557237+00:00,2021-07-02,ICI,HL,IP,22092,03,ICICI Lombard General Insurance Company Limited,ICI|HL|IP|22092,3,True,family shield,196
MCIHLIP21512V032021,Non-Archived,2020-2021,Manipal Cigna Health Insurance Company Limited,ManipalCigna ProHealth Cash,29-09-2020,Revision,https://irdai.gov.in/documents/37343/931203/MCIHLIP21512V032021_2020-2021.pdf/e2c54f30-66dd-0920-5357-d6f0eba9663d?version=1.1&t=1668594083988&download=true,MCIHLIP21512V032021_2020-2021.pdf,2026-08-21T06:22:28.557237+00:00,2020-09-29,MCI,HL,IP,21512,03,ManipalCigna Health Insurance Company Limited,MCI|HL|IP|21512,3,True,manipalcigna prohealth cash,194
NBHHLIP22152V012122,Non-Archived,2021-2022,Niva Bupa Health Insurance co ltd,"Corona Kavach Policy, Niva Bupa Health Insurance Co. Ltd.",24-08-2021,Revision,https://irdai.gov.in/documents/37343/931203/NBHHLIP22152V012122_HEALTH2135.pdf/3ba2ec6e-e679-02cb-c1c1-07a1f121c163?version=1.1&t=1668766723171&download=true,NBHHLIP22152V012122_HEALTH2135.pdf,2026-08-21T06:22:28.557237+00:00,2021-08-24,NBH,HL,IP,22152,01,Niva Bupa Health Insurance Company Limited,NBH|HL|IP|22152,1,True,corona kavach niva bupa health co ltd,196
SBIHLIP22137V032122,Non-Archived,2021-2022,SBI General Insurance Co.Ltd.,Arogya Top up Policy,30-07-2021,Revision,https://irdai.gov.in/documents/37343/931203/SBIHLIP22137V032122_HEALTH2143.pdf/6370813a-97cf-75e4-63c5-ac10e2eafdbc?version=1.1&t=1668767288844&download=true,SBIHLIP22137V032122_HEALTH2143.pdf,2026-08-21T06:22:28.557237+00:00,2021-07-30,SBI,HL,IP,22137,03,SBI General Insurance Company Limited,SBI|HL|IP|22137,3,True,arogya top up,196
SHAHLIP22217V012122,Non-Archived,2021-2022,Star Health & Allied Insurance Co. Ltd,Star Women Care Insurance Policy,03-03-2022,New,https://irdai.gov.in/documents/37343/931203/SHAHLIP22217V012122.pdf/7afda123-c55e-7519-79fe-2eba9780c301?version=1.1&t=1668853646284&download=true,SHAHLIP22217V012122.pdf,2026-08-21T06:22:28.557237+00:00,2022-03-03,SHA,HL,IP,22217,01,Star Health and Allied Insurance Company Limited,SHA|HL|IP|22217,1,True,star women care,198
TATHLIP21286V022021,Non-Archived,2020-2021,Tata AIG General Insurance Co. Ltd.,Individual Accident and Sickness Hospital Cash policy,18-09-2020,Revision,https://irdai.gov.in/documents/37343/931203/TATHLIP21286V022021_2020-2021.pdf/fa9ec31f-67e5-fc98-f360-aec1ef032eea?version=1.1&t=1668592935143&download=true,TATHLIP21286V022021_2020-2021.pdf,2026-08-21T06:22:28.557237+00:00,2020-09-18,TAT,HL,IP,21286,02,Tata AIG General Insurance Company Limited,TAT|HL|IP|21286,2,True,individual accident and sickness hospital cash,194
ADIHLIP21061V022021,Non-Archived,2020-2021,Aditya Birla Health Insurance Co. Ltd.,Super Health Plus Top Up,30-06-2020,Revision,https://irdai.gov.in/documents/37343/931203/ADIHLIP21061V022021_2020-2021.pdf/57e9f6ec-48f1-ad4a-e98e-4b6e947de35b?version=1.1&t=1668579497273&download=true,ADIHLIP21061V022021_2020-2021.pdf,2026-08-21T06:22:28.557237+00:00,2020-06-30,ADI,HL,IP,21061,02,Aditya Birla Health Insurance Company Limited,ADI|HL|IP|21061,2,True,super health plus top up,194
BAJHLIP21143V022021,Non-Archived,2020-2021,Bajaj Allianz General Insurance Co. Ltd,Health Care Supreme,08-12-2020,Revision,https://irdai.gov.in/documents/37343/931203/BAJHLIP21143V022021_2020-2021.pdf/36406f08-f807-4ccf-1efd-fe200b099f02?version=1.1&t=1668581669575&download=true,BAJHLIP21143V022021_2020-2021.pdf,2026-08-21T06:22:28.557237+00:00,2020-12-08,BAJ,HL,IP,21143,02,Bajaj Allianz General Insurance Company Limited,BAJ|HL|IP|21143,2,True,health care supreme,194
RHIHLIP21375V022021,Non-Archived,2020-2021,Care Health Insurance Ltd.,Assure,21-09-2020,Revision,https://irdai.gov.in/documents/37343/931203/RHIHLIP21375V022021_2020-2021.pdf/130715a5-5f39-a612-5134-df6dbcf20135?version=1.1&t=1668583820104&download=true,RHIHLIP21375V022021_2020-2021.pdf,2026-08-21T06:22:28.557237+00:00,2020-09-21,RHI,HL,IP,21375,02,Care Health Insurance Limited,RHI|HL|IP|21375,2,True,assure,194
HDFHLIP22021V042122,Non-Archived,2021-2022,HDFC ERGO General Insurance Co. Ltd.,my: health medisure Super Topup,19-05-2021,Revision,https://irdai.gov.in/documents/37343/931203/HDFHLIP22021V042122_HEALTH2016.pdf/cf850b83-268e-cffe-962c-9fdcedbd7d59?version=1.1&t=1668845231281&download=true,HDFHLIP22021V042122_HEALTH2016.pdf,2026-08-21T06:22:28.557237+00:00,2021-05-19,HDF,HL,IP,22021,04,HDFC ERGO General Insurance Company Limited,HDF|HL|IP|22021,4,True,my health medisure super topup,196
ICIHLIP22096V062122,Non-Archived,2021-2022,ICICI Lombard GI Co. Ltd.,ICICI LOMBARD COMPLETE HEALTH INSURANCE,02-07-2021,Revision,https://irdai.gov.in/documents/37343/931203/ICIHLIP22096V062122_HEALTH2106.pdf/6c9576c3-390b-6248-02c8-9948deaadafa?version=1.1&t=1668843201917&download=true,ICIHLIP22096V062122_HEALTH2106.pdf,2026-08-21T06:22:28.557237+00:00,2021-07-02,ICI,HL,IP,22096,06,ICICI Lombard General Insurance Company Limited,ICI|HL|IP|22096,6,True,icici lombard complete health,196
MCIHLIP21125V022021,Non-Archived,2020-2021,Manipal Cigna Health Insurance Company Limited,ManipalCigna Lifestyle Protection - Critical Care,29-07-2020,Revision,https://irdai.gov.in/documents/37343/931203/MCIHLIP21125V022021_2020-2021.pdf/8fbf7ad6-a22a-4629-a883-7fff16cf4a6d?version=1.1&t=1668593820254&download=true,MCIHLIP21125V022021_2020-2021.pdf,2026-08-21T06:22:28.557237+00:00,2020-07-29,MCI,HL,IP,21125,02,ManipalCigna Health Insurance Company Limited,MCI|HL|IP|21125,2,True,manipalcigna lifestyle protection critical care,194
MAXHLIP21575V012021,Non-Archived,2020-2021,Max Bupa Health Insurance Co. Ltd,Senior First,26-03-2021,New,https://irdai.gov.in/documents/37343/931203/MAXHLIP21575V012021_2020-2021.pdf/af129288-9d01-c04b-8c1f-85806a50aeab?version=1.1&t=1668594368083&download=true,MAXHLIP21575V012021_2020-2021.pdf,2026-08-21T06:22:28.557237+00:00,2021-03-26,MAX,HL,IP,21575,01,Niva Bupa Health Insurance Company Limited,MAX|HL|IP|21575,1,True,senior first,196
SBIHLIP22138V042122,Non-Archived,2021-2022,SBI General Insurance Co.Ltd.,Health Insurance Policy - Retail,30-07-2021,Revision,https://irdai.gov.in/documents/37343/931203/SBIHLIP22138V042122_HEALTH2144.pdf/93390802-d6e4-8a5b-df26-8e5c71b3332c?version=1.1&t=1668767321266&download=true,SBIHLIP22138V042122_HEALTH2144.pdf,2026-08-21T06:22:28.557237+00:00,2021-07-30,SBI,HL,IP,22138,04,SBI General Insurance Company Limited,SBI|HL|IP|22138,4,True,health retail,196
SHAHLIP22199V062122,Non-Archived,2021-2022,Star Health & Allied Insurance Co. Ltd,Senior Citizens Red Carpet Health Insurance Policy,27-01-2022,Revision,https://irdai.gov.in/documents/37343/931203/SHAHLIP22199V062122.pdf/e5830765-7541-0484-9119-330738250254?version=1.1&t=1668853579702&download=true,SHAHLIP22199V062122.pdf,2026-08-21T06:22:28.557237+00:00,2022-01-27,SHA,HL,IP,22199,06,Star Health and Allied Insurance Company Limited,SHA|HL|IP|22199,6,True,senior citizens red carpet health,198
TATHLIP21259V022021,Non-Archived,2020-2021,Tata AIG General Insurance Co. Ltd.,MediRaksha,17-09-2020,Revision,https://irdai.gov.in/documents/37343/931203/TATHLIP21259V022021_2020-2021.pdf/ab0f0917-3c4c-9d6c-0deb-5d76a047f79d?version=1.1&t=1668592846966&download=true,TATHLIP21259V022021_2020-2021.pdf,2026-08-21T06:22:28.557237+00:00,2020-09-17,TAT,HL,IP,21259,02,Tata AIG General Insurance Company Limited,TAT|HL|IP|21259,2,True,mediraksha,194
ADIHLIP21069V022021,Non-Archived,2020-2021,Aditya Birla Health Insurance Co. Ltd.,Global Health Secure,07-06-2020,Revision,https://irdai.gov.in/documents/37343/931203/ADIHLIP21069V022021_2020-2021.pdf/c495a7d9-cd74-dcce-dc85-2098289c360b?version=1.1&t=1668580955595&download=true,ADIHLIP21069V022021_2020-2021.pdf,2026-08-21T06:22:28.557237+00:00,2020-06-07,ADI,HL,IP,21069,02,Aditya Birla Health Insurance Company Limited,ADI|HL|IP|21069,2,True,global health secure,194
BAJHLIP21142V022021,Non-Archived,2020-2021,Bajaj Allianz General Insurance Co. Ltd,Women Specific Critical Illness Plan,08-12-2020,Revision,https://irdai.gov.in/documents/37343/931203/BAJHLIP21142V022021_2020-2021.pdf/3a159160-a0c1-63d2-ae72-6c49600972b1?version=1.1&t=1668581622619&download=true,BAJHLIP21142V022021_2020-2021.pdf,2026-08-21T06:22:28.557237+00:00,2020-12-08,BAJ,HL,IP,21142,02,Bajaj Allianz General Insurance Company Limited,BAJ|HL|IP|21142,2,True,women specific critical illness,194
RHIHLIP21371V022021,Non-Archived,2020-2021,Care Health Insurance Ltd.,Care Heart,21-09-2020,Revision,https://irdai.gov.in/documents/37343/931203/RHIHLIP21371V022021_2020-2021.pdf/844e2185-d4cd-25ae-f2d4-37d72b46bb84?version=1.0&t=1638535876112&download=true,RHIHLIP21371V022021_2020-2021.pdf,2026-08-21T06:22:28.557237+00:00,2020-09-21,RHI,HL,IP,21371,02,Care Health Insurance Limited,RHI|HL|IP|21371,2,True,care heart,194
HDFHLIP21016V012122,Non-Archived,2021-2022,HDFC ERGO General Insurance Co. Ltd.,my: Optima Secure,12-05-2021,Individual,https://irdai.gov.in/documents/37343/931203/HDFHLIP21016V012122_HEALTH2015.pdf/4fbd60f7-de9c-ab82-13ff-1d71b1458e4a?version=1.1&t=1668845173038&download=true,HDFHLIP21016V012122_HEALTH2015.pdf,2026-08-21T06:22:28.557237+00:00,2021-05-12,HDF,HL,IP,21016,01,HDFC ERGO General Insurance Company Limited,HDF|HL|IP|21016,1,True,my optima secure,196
ICIHLIP21627V012021,Non-Archived,2020-2021,ICICI Lombard General Insurance Co Ltd,ICICI Lombard Mashak (Mosquito) Rakshak,31-03-2021,New,https://irdai.gov.in/documents/37343/931203/ICIHLIP21627V012021_2020-2021.pdf/84204ec2-cd2d-4018-d1bd-18a7627372cd?version=1.1&t=1668583708137&download=true,ICIHLIP21627V012021_2020-2021.pdf,2026-08-21T06:22:28.557237+00:00,2021-03-31,ICI,HL,IP,21627,01,ICICI Lombard General Insurance Company Limited,ICI|HL|IP|21627,1,True,icici lombard mashak mosquito rakshak,196
MCIHLIP21129V022021,Non-Archived,2020-2021,Manipal Cigna Health Insurance Company Limited,ManipalCigna ProHealth Select,29-07-2020,Revision,https://irdai.gov.in/documents/37343/931203/MCIHLIP21129V022021_2020-2021.pdf/4901b47d-a509-ceed-d4dc-3c9081663656?version=1.1&t=1668593944509&download=true,MCIHLIP21129V022021_2020-2021.pdf,2026-08-21T06:22:28.557237+00:00,2020-07-29,MCI,HL,IP,21129,02,ManipalCigna Health Insurance Company Limited,MCI|HL|IP|21129,2,True,manipalcigna prohealth select,194
MAXHLIP21408V02202,Non-Archived,2020-2021,Max Bupa Health Insurance Co. Ltd,Max Health Plus,23-09-2020,Revision,https://irdai.gov.in/documents/37343/931203/MAXHLIP21408V02202_2020-2021.pdf/1fa52a81-37bd-ff34-7d1a-201fdbf741cc?version=1.1&t=1668595552880&download=true,MAXHLIP21408V02202_2020-2021.pdf,2026-08-21T06:22:28.557237+00:00,2020-09-23,MAX,HL,IP,21408,02,Niva Bupa Health Insurance Company Limited,MAX|HL|IP|21408,2,True,max health plus,194
SBIHLIP21043V012122,Non-Archived,2021-2022,SBI General Insurance Co. Ltd.,Arogya Supreme,04-06-2021,Individual,https://irdai.gov.in/documents/37343/931203/SBIHLIP21043V012122_HEALTH2046.pdf/a7ae7064-d08b-718d-e2b0-ed00576693a9?version=1.1&t=1668768148722&download=true,SBIHLIP21043V012122_HEALTH2046.pdf,2026-08-21T06:22:28.557237+00:00,2021-06-04,SBI,HL,IP,21043,01,SBI General Insurance Company Limited,SBI|HL|IP|21043,1,True,arogya supreme,196
SHAHLIP22140V012122,Non-Archived,2021-2022,Star Health and Allied Insurrance Co.,Star Critical Illness Multipay Insurance Policy,06-08-2021,Individual,https://irdai.gov.in/documents/37343/931203/SHAHLIP22140V012122_HEALTH2149.pdf/757161fa-a42f-5982-7b90-62a7289fb6db?version=1.1&t=1668767870969&download=true,SHAHLIP22140V012122_HEALTH2149.pdf,2026-08-21T06:22:28.557237+00:00,2021-08-06,SHA,HL,IP,22140,01,Star Health and Allied Insurance Company Limited,SHA|HL|IP|22140,1,True,star critical illness multipay,196
TATHLIP21260V022021,Non-Archived,2020-2021,Tata AIG General Insurance Co. Ltd.,MediSenior,17-09-2020,Revision,https://irdai.gov.in/documents/37343/931203/TATHLIP21260V022021_2020-2021.pdf/6752451a-96a5-3458-dc46-58b5a13a596b?version=1.1&t=1668592893225&download=true,TATHLIP21260V022021_2020-2021.pdf,2026-08-21T06:22:28.557237+00:00,2020-09-17,TAT,HL,IP,21260,02,Tata AIG General Insurance Company Limited,TAT|HL|IP|21260,2,True,medisenior,194
ADIHLIP20170V011920,Non-Archived,2019-2020,Aditya Birla Health Insurance Co Ltd,"ArogyaSanjeevani Policy, Aditya Birla Health Insurance Company Limited",31-03-2020,New,https://irdai.gov.in/documents/37343/931203/ADIHLIP20170V011920_2019-2020.pdf/4436815b-247c-06d5-3d14-112905fdf817?version=1.1&t=1668511041948&download=true,ADIHLIP20170V011920_2019-2020.pdf,2026-08-21T06:22:28.557237+00:00,2020-03-31,ADI,HL,IP,20170,01,Aditya Birla Health Insurance Company Limited,ADI|HL|IP|20170,1,True,arogyasanjeevani aditya birla health company limited,194
BAJHLIP21100V012021,Non-Archived,2020-2021,Bajaj Allianz General Insurance Co. Ltd,"Corona Kavach Policy, Bajaj Allianz General Insurance Co Ltd",07-10-2020,New,https://irdai.gov.in/documents/37343/931203/BAJHLIP21100V012021_2020-2021.pdf/efd4507d-a173-28ca-ecf5-a427224cd7bf?version=1.1&t=1668154903452&download=true,BAJHLIP21100V012021_2020-2021.pdf,2026-08-21T06:22:28.557237+00:00,2020-10-07,BAJ,HL,IP,21100,01,Bajaj Allianz General Insurance Company Limited,BAJ|HL|IP|21100,1,True,corona kavach bajaj allianz general co ltd,194
RHIHLIP21372V022021,Non-Archived,2020-2021,Care Health Insurance Ltd.,Enhance,21-09-2020,Revision,https://irdai.gov.in/documents/37343/931203/RHIHLIP21372V022021_2020-2021.pdf/4adcd1b6-1d72-97f3-a2bb-6059bb03454d?version=1.1&t=1668583683312&download=true,RHIHLIP21372V022021_2020-2021.pdf,2026-08-21T06:22:28.557237+00:00,2020-09-21,RHI,HL,IP,21372,02,Care Health Insurance Limited,RHI|HL|IP|21372,2,True,enhance,194
HDHHLIP21053V022021,Non-Archived,2020-2021,HDFC Ergo Health Insurance Ltd,Total Health,06-11-2020,Revision,https://irdai.gov.in/documents/37343/931203/HDHHLIP21053V022021_2020-2021.pdf/0354d7aa-c983-cb47-d35a-4be22ae95428?version=1.1&t=1668583460006&download=true,HDHHLIP21053V022021_2020-2021.pdf,2026-08-21T06:22:28.557237+00:00,2020-11-06,HDH,HL,IP,21053,02,HDFC ERGO General Insurance Company Limited,HDH|HL|IP|21053,2,True,total health,194
ICIHLIP21569V012021,Non-Archived,2020-2021,ICICI Lombard General Insurance Co Ltd,BeFit,01-01-2021,New,https://irdai.gov.in/documents/37343/931203/ICIHLIP21569V012021_2020-2021.pdf/ee778358-7610-1dcf-8c69-d7cbe1b5c57a?version=1.1&t=1668583657192&download=true,ICIHLIP21569V012021_2020-2021.pdf,2026-08-21T06:22:28.557237+00:00,2021-01-01,ICI,HL,IP,21569,01,ICICI Lombard General Insurance Company Limited,ICI|HL|IP|21569,1,True,befit,196
MCIHLIP21139V012021,Non-Archived,2020-2021,Manipal Cigna Health Insurance Company Limited,"Corona Rakshak Policy, ManipalCigna",08-07-2020,Individual,https://irdai.gov.in/documents/37343/931203/MCIHLIP21139V012021_2020-2021.pdf/0f71aa1f-081b-c4af-f5c2-5049bef0d224?version=1.1&t=1668593995571&download=true,MCIHLIP21139V012021_2020-2021.pdf,2026-08-21T06:22:28.557237+00:00,2020-07-08,MCI,HL,IP,21139,01,ManipalCigna Health Insurance Company Limited,MCI|HL|IP|21139,1,True,corona rakshak manipalcigna,194
MAXHLIP21072V012021,Non-Archived,2020-2021,Max Bupa Health Insurance Co Ltd,"Corona Kavach Policy, Max Bupa Health Insurance Co. Ltd",07-09-2020,New,https://irdai.gov.in/documents/37343/931203/MAXHLIP21072V012021_2020-2021.pdf/ac183b42-1b8d-2e76-76d3-1c27b11d90e2?version=1.1&t=1668153230694&download=true,MAXHLIP21072V012021_2020-2021.pdf,2026-08-21T06:22:28.557237+00:00,2020-09-07,MAX,HL,IP,21072,01,Niva Bupa Health Insurance Company Limited,MAX|HL|IP|21072,1,True,corona kavach max bupa health co ltd,194
SBIHLIP21090V012021,Non-Archived,2020-2021,SBI General Insurance Co.Ltd,"Corona Kavach Policy, SBI General Insurance Company Limited",07-08-2020,New,https://irdai.gov.in/documents/37343/931203/SBIHLIP21090V012021_2020-2021.pdf/03f6f807-e4cf-be70-89ba-9d9da4f0cb6a?version=1.1&t=1668152626178&download=true,SBIHLIP21090V012021_2020-2021.pdf,2026-08-21T06:22:28.557237+00:00,2020-08-07,SBI,HL,IP,21090,01,SBI General Insurance Company Limited,SBI|HL|IP|21090,1,True,corona kavach sbi general company limited,194
SHAHLIP22102V052122,Non-Archived,2021-2022,Star Health and Allied Insurrance Co.,Family Health Optima Accident Care Policy,07-07-2021,Individual,https://irdai.gov.in/documents/37343/931203/SHAHLIP22102V052122_HEALTH2148.pdf/18ee492c-1456-e476-934a-9c21555ac7be?version=1.1&t=1668767975865&download=true,SHAHLIP22102V052122_HEALTH2148.pdf,2026-08-21T06:22:28.557237+00:00,2021-07-07,SHA,HL,IP,22102,05,Star Health and Allied Insurance Company Limited,SHA|HL|IP|22102,5,True,family health optima accident care,196
TATHLIP21258V022021,Non-Archived,2020-2021,Tata AIG General Insurance Co. Ltd.,Mediplus,17-09-2020,Revision,https://irdai.gov.in/documents/37343/931203/TATHLIP21258V022021_2020-2021.pdf/9498f5a7-775a-57c1-f826-4519550b45e4?version=1.1&t=1668592814101&download=true,TATHLIP21258V022021_2020-2021.pdf,2026-08-21T06:22:28.557237+00:00,2020-09-17,TAT,HL,IP,21258,02,Tata AIG General Insurance Company Limited,TAT|HL|IP|21258,2,True,mediplus,194
ADIHLIP20001V011920,Non-Archived,2019-2020,Aditya Birla Helath Insurance Co,Active Care,04-03-2019,New,https://irdai.gov.in/documents/37343/931203/ADIHLIP20001V011920_2019-2020.pdf/0acad0fc-026d-54e3-5e22-8d6d0be00f3a?version=1.1&t=1668511334784&download=true,ADIHLIP20001V011920_2019-2020.pdf,2026-08-21T06:22:28.557237+00:00,2019-03-04,ADI,HL,IP,20001,01,Aditya Birla Health Insurance Company Limited,ADI|HL|IP|20001,1,True,active care,192
BAJHLIP21182V022021,Non-Archived,2020-2021,Bajaj Allianz General Insurance Co. Ltd,Family Health Care,31-08-2020,Revision,https://irdai.gov.in/documents/37343/931203/BAJHLIP21182V022021_2020-2021.pdf/93a3c398-c919-cd8c-4364-49a864bf5bdd?version=1.1&t=1668581752001&download=true,BAJHLIP21182V022021_2020-2021.pdf,2026-08-21T06:22:28.557237+00:00,2020-08-31,BAJ,HL,IP,21182,02,Bajaj Allianz General Insurance Company Limited,BAJ|HL|IP|21182,2,True,family health care,194
RHIHLIP21373V022021,Non-Archived,2020-2021,Care Health Insurance Ltd.,Joy,21-09-2020,Revision,https://irdai.gov.in/documents/37343/931203/RHIHLIP21373V022021_2020-2021.pdf/52a184e7-15c7-0273-b024-c75f14645449?version=1.1&t=1668583726468&download=true,RHIHLIP21373V022021_2020-2021.pdf,2026-08-21T06:22:28.557237+00:00,2020-09-21,RHI,HL,IP,21373,02,Care Health Insurance Limited,RHI|HL|IP|21373,2,True,joy,194
HDFHLIP21112V012021,Non-Archived,2020-2021,HDFC ERGO General Insurance Co.Ltd.,"Corona Rakshak Policy, HDFC ERGO",08-10-2020,Individual,https://irdai.gov.in/documents/37343/931203/HDFHLIP21112V012021_2020-2021.pdf/9ebe54d8-8bfa-2cfc-63c1-9db4454b7447?version=1.1&t=1668581643884&download=true,HDFHLIP21112V012021_2020-2021.pdf,2026-08-21T06:22:28.557237+00:00,2020-10-08,HDF,HL,IP,21112,01,HDFC ERGO General Insurance Company Limited,HDF|HL|IP|21112,1,True,corona rakshak hdfc ergo,194
ICIHLIP21391V022021,Non-Archived,2020-2021,ICICI LOMBARD General Insurance Co. Ltd.,Hospifund Insurance,22-09-2020,Revision,https://irdai.gov.in/documents/37343/931203/ICIHLIP21391V022021_2020-2021.pdf/e770ded2-fbec-e368-faca-45793210757e?version=1.1&t=1668585045616&download=true,ICIHLIP21391V022021_2020-2021.pdf,2026-08-21T06:22:28.557237+00:00,2020-09-22,ICI,HL,IP,21391,02,ICICI Lombard General Insurance Company Limited,ICI|HL|IP|21391,2,True,hospifund,194
MCIHLIP20156V011920,Non-Archived,2019-2020,Manipal Cigna Health Insurance Co Ltd,"Arogya Sanjeevani Policy,Manipal Cigna",26-03-2020,New,https://irdai.gov.in/documents/37343/931203/MCIHLIP20156V011920_2019-2020.pdf/b7ed1bec-d07e-2b7b-19b3-21f9d56893d8?version=1.1&t=1668575174037&download=true,MCIHLIP20156V011920_2019-2020.pdf,2026-08-21T06:22:28.557237+00:00,2020-03-26,MCI,HL,IP,20156,01,ManipalCigna Health Insurance Company Limited,MCI|HL|IP|20156,1,True,arogya sanjeevani manipal cigna,194
MAXHLIP21173V022021,Non-Archived,2020-2021,Max Bupa Health Insurance Co. Ltd,GoActive,28-08-2020,Revision,https://irdai.gov.in/documents/37343/931203/MAXHLIP21173V022021_2020-2021.pdf/92f043da-fafa-0be9-5a2f-37cb38da6dd1?version=1.1&t=1668594770478&download=true,MAXHLIP21173V022021_2020-2021.pdf,2026-08-21T06:22:28.557237+00:00,2020-08-28,MAX,HL,IP,21173,02,Niva Bupa Health Insurance Company Limited,MAX|HL|IP|21173,2,True,goactive,194
SBIHLIP21120V012021,Non-Archived,2020-2021,SBI General Insurance Co. Ltd.,"Corona Rakshak Policy, SBIGeneral Insurance Co. Ltd",23-07-2020,Individual,https://irdai.gov.in/documents/37343/931203/SBIHLIP21120V012021_2020-2021.pdf/b7d46f49-a8a7-4ede-9c02-f9161dfce5ff?version=1.1&t=1668754707868&download=true,SBIHLIP21120V012021_2020-2021.pdf,2026-08-21T06:22:28.557237+00:00,2020-07-23,SBI,HL,IP,21120,01,SBI General Insurance Company Limited,SBI|HL|IP|21120,1,True,corona rakshak sbigeneral co ltd,194
SHAHLIP22027V032122,Non-Archived,2021-2022,Star Health & Allied Insurance Co. Ltd.,"Arogya Sanjeevani Policy, Star Health and Allied Insurance Co Ltd.""",31-05-2021,Revision,https://irdai.gov.in/documents/37343/931203/SHAHLIP22027V032122_HEALTH2049.pdf/f4d863fa-cd41-e55d-d747-d2ff2d88d060?version=1.1&t=1668769933635&download=true,SHAHLIP22027V032122_HEALTH2049.pdf,2026-08-21T06:22:28.557237+00:00,2021-05-31,SHA,HL,IP,22027,03,Star Health and Allied Insurance Company Limited,SHA|HL|IP|22027,3,True,arogya sanjeevani star health and allied co ltd,196
TATHLIP21257V022021,Non-Archived,2020-2021,Tata AIG General Insurance Co. Ltd.,Tata AIG Medicare Premier,17-09-2020,Revision,https://irdai.gov.in/documents/37343/931203/TATHLIP21257V022021_2020-2021.pdf/bcb13442-a5ad-afa0-8a1d-5696337e8b13?version=1.1&t=1668592642016&download=true,TATHLIP21257V022021_2020-2021.pdf,2026-08-21T06:22:28.557237+00:00,2020-09-17,TAT,HL,IP,21257,02,Tata AIG General Insurance Company Limited,TAT|HL|IP|21257,2,True,tata aig medicare premier,194
BAJHLIP21115V022021,Non-Archived,2020-2021,Bajaj Allianz General Insurance Co. Ltd,Hospital Cash Daily Allowance,31-08-2020,Revision,https://irdai.gov.in/documents/37343/931203/BAJHLIP21115V022021_2020-2021.pdf/c99daebb-68e0-d213-f14c-e2e72474d059?version=1.1&t=1668581319137&download=true,BAJHLIP21115V022021_2020-2021.pdf,2026-08-21T06:22:28.557237+00:00,2020-08-31,BAJ,HL,IP,21115,02,Bajaj Allianz General Insurance Company Limited,BAJ|HL|IP|21115,2,True,hospital cash daily allowance,194
RHIHLIP21374V022021,Non-Archived,2020-2021,Care Health Insurance Ltd.,Super Mediclaim,21-09-2020,Revision,https://irdai.gov.in/documents/37343/931203/RHIHLIP21374V022021_2020-2021.pdf/4fd9668d-f0b5-ff3b-00f2-fcba1920b004?version=1.1&t=1668583776275&download=true,RHIHLIP21374V022021_2020-2021.pdf,2026-08-21T06:22:28.557237+00:00,2020-09-21,RHI,HL,IP,21374,02,Care Health Insurance Limited,RHI|HL|IP|21374,2,True,super mediclaim,194
HDHHLIP21109V012021,Non-Archived,2020-2021,HDFC ERGO Health Insurance Limited,"Corona Rakshak Policy, HDFC ERGO Health",07-10-2020,Individual,https://irdai.gov.in/documents/37343/931203/HDHHLIP21109V012021_2020-2021.pdf/a88fd38d-04b9-4a8f-b145-18552aee57ab?version=1.1&t=1668582347130&download=true,HDHHLIP21109V012021_2020-2021.pdf,2026-08-21T06:22:28.557237+00:00,2020-10-07,HDH,HL,IP,21109,01,HDFC ERGO General Insurance Company Limited,HDH|HL|IP|21109,1,True,corona rakshak hdfc ergo health,194
ICIHLIP21383V052021,Non-Archived,2020-2021,ICICI LOMBARD General Insurance Co. Ltd.,ICICI Complete Health Insurance,22-09-2020,Revision,https://irdai.gov.in/documents/37343/931203/ICIHLIP21383V052021_2020-2021.pdf/0948ef3e-3860-6893-1f9f-451cb7aad3b6?version=1.1&t=1668584946575&download=true,ICIHLIP21383V052021_2020-2021.pdf,2026-08-21T06:22:28.557237+00:00,2020-09-22,ICI,HL,IP,21383,05,ICICI Lombard General Insurance Company Limited,ICI|HL|IP|21383,5,True,icici complete health,194
MCIHLIP20081V011920,Non-Archived,2019-2020,Manipal Cigna Health Insurance Co Ltd,Manipal Cigna Super Top Up,20-11-2019,New,https://irdai.gov.in/documents/37343/931203/MCIHLIP20081V011920_2019-2020.pdf/b6008ab1-7975-a259-d914-b9c32f8b514a?version=1.1&t=1668575122659&download=true,MCIHLIP20081V011920_2019-2020.pdf,2026-08-21T06:22:28.557237+00:00,2019-11-20,MCI,HL,IP,20081,01,ManipalCigna Health Insurance Company Limited,MCI|HL|IP|20081,1,True,manipal cigna super top up,192
MAXHLIP21176V022021,Non-Archived,2020-2021,Max Bupa Health Insurance Co. Ltd,Health Premia,28-08-2020,Revision,https://irdai.gov.in/documents/37343/931203/MAXHLIP21176V022021_2020-2021.pdf/4fd40964-5417-b5cd-e501-7d720ef4feb6?version=1.1&t=1668595083364&download=true,MAXHLIP21176V022021_2020-2021.pdf,2026-08-21T06:22:28.557237+00:00,2020-08-28,MAX,HL,IP,21176,02,Niva Bupa Health Insurance Company Limited,MAX|HL|IP|21176,2,True,health premia,194
SBIHLIP20180V011920,Non-Archived,2019-2020,SBI General Insurance Co.Ltd,"Arogya Sanjeevani Policy, SBI General Insurance Company Limited",04-01-2020,New,https://irdai.gov.in/documents/37343/931203/SBIHLIP20180V011920_2019-2020.pdf/2de1fc0b-c744-58c9-289d-4b45fa29113a?version=1.1&t=1668576395137&download=true,SBIHLIP20180V011920_2019-2020.pdf,2026-08-21T06:22:28.557237+00:00,2020-01-04,SBI,HL,IP,20180,01,SBI General Insurance Company Limited,SBI|HL|IP|20180,1,True,arogya sanjeevani sbi general company limited,194
SHAHLIP22029V072122,Non-Archived,2021-2022,Star Health & Allied Insurance Co. Ltd.,Diabetes Safe Insurance Policy,31-05-2021,Revision,https://irdai.gov.in/documents/37343/931203/SHAHLIP22029V072122_HEALTH2051.pdf/45925d7a-2a00-121a-8f46-77ace2a9dbdb?version=1.1&t=1668770003870&download=true,SHAHLIP22029V072122_HEALTH2051.pdf,2026-08-21T06:22:28.557237+00:00,2021-05-31,SHA,HL,IP,22029,07,Star Health and Allied Insurance Company Limited,SHA|HL|IP|22029,7,True,diabetes safe,196
TATHLIP21253V022021,Non-Archived,2020-2021,Tata AIG General Insurance Co. Ltd.,Tata AIG Medicare Plus,16-09-2020,Revision,https://irdai.gov.in/documents/37343/931203/TATHLIP21253V022021_2020-2021.pdf/4c330fc2-6fe0-8709-30e4-d07032c75f61?version=1.1&t=1668592472802&download=true,TATHLIP21253V022021_2020-2021.pdf,2026-08-21T06:22:28.557237+00:00,2020-09-16,TAT,HL,IP,21253,02,Tata AIG General Insurance Company Limited,TAT|HL|IP|21253,2,True,tata aig medicare plus,194
BAJHLIP21184V022021,Non-Archived,2020-2021,Bajaj Allianz General Insurance Co. Ltd,Tax Gain,31-08-2020,Revision,https://irdai.gov.in/documents/37343/931203/BAJHLIP21184V022021_2020-2021.pdf/7790d106-a4b4-7b8d-71e3-84f581590cde?version=1.1&t=1668581893534&download=true,BAJHLIP21184V022021_2020-2021.pdf,2026-08-21T06:22:28.557237+00:00,2020-08-31,BAJ,HL,IP,21184,02,Bajaj Allianz General Insurance Company Limited,BAJ|HL|IP|21184,2,True,tax gain,194
